tker,price,30_average,rate
BAC,24.09,25.0,5.0
AAPL,114.96,118.0,5.0
MSFT,209.54,212.0,5.0
AMD,79.48,81.0,5.0
FB,256.82,271.0,4.0
WFC,23.82,24.0,4.0
T,28.38,29.0,5.0
C,43.34,49.0,5.0
MS,48.38,51.0,5.0
JPM,96.16,99.0,5.0
PFE,36.39,37.0,5.0
AMAT,59.36,60.0,5.0
XOM,35.31,39.0,4.0
VIPS,15.9,17.0,4.0
GLD,176.7,182.0,4.0
CSCO,39.13,41.0,5.0
AXP,98.82,101.0,5.0
BMY,59.71,61.0,4.0
V,200.32,204.0,5.0
GRPN,23.82,29.0,4.0
KR,33.7,35.0,5.0
GILD,62.85,65.0,4.0
GM,29.44,30.0,4.0
FCX,15.9,16.0,5.0
SLB,16.45,18.0,4.0
ABBV,87.28,92.0,4.0
GIS,59.9,61.0,5.0
VZ,59.36,60.0,5.0
XRX,18.58,19.0,4.0
CVLT,40.97,42.0,5.0
MPC,29.95,33.0,5.0
SRC,35.18,36.0,4.0
COP,33.71,36.0,5.0
DIS,125.99,130.0,4.0
CVX,73.93,81.0,4.0
PYPL,192.02,193.0,5.0
MRK,82.76,85.0,5.0
NBR,26.55,33.0,4.0
JNJ,147.11,149.0,5.0
BSX,38.0,40.0,4.0
BK,34.29,36.0,5.0
CCL,15.31,16.0,4.0
DISCA,21.95,23.0,5.0
ABT,104.44,105.0,5.0
USB,36.1,37.0,5.0
WBA,36.07,37.0,4.0
KNX,42.3,44.0,4.0
DISCK,19.73,20.0,5.0
MO,38.95,42.0,5.0
MDT,103.63,105.0,5.0
EOG,37.44,42.0,4.0
OKE,26.01,27.0,5.0
CVS,57.94,60.0,5.0
HES,41.03,45.0,4.0
BX,52.66,53.0,5.0
BOX,17.67,18.0,4.0
EQR,52.54,55.0,5.0
TAL,74.28,75.0,5.0
UNH,303.23,308.0,5.0
NFLX,490.65,499.0,5.0
WYNN,73.62,82.0,4.0
CNC,55.52,59.0,5.0
ZION,29.38,32.0,5.0
CI,164.29,173.0,5.0
WMB,20.4,21.0,5.0
SYNH,53.39,58.0,5.0
HBI,15.79,16.0,5.0
D,77.23,79.0,4.0
CFG,25.34,26.0,4.0
MMM,161.66,165.0,5.0
ACN,222.825,235.0,5.0
LVS,47.62,49.0,4.0
VLO,44.82,50.0,5.0
ADSK,232.15,237.0,5.0
ARNC,20.06,21.0,4.0
VOYA,47.98,50.0,4.0
NTRS,78.61,81.0,5.0
UAL,35.94,36.0,4.0
IPG,17.05,18.0,4.0
KHC,29.83,33.0,4.0
COG,18.07,19.0,5.0
IBM,121.73,123.0,5.0
NYT,42.24,43.0,5.0
VST,17.97,19.0,5.0
EPD,16.02,17.0,5.0
KMB,147.56,152.0,5.0
IT,126.53,129.0,5.0
XRAY,43.31,44.0,4.0
KKR,34.95,35.0,5.0
CMC,20.62,21.0,5.0
NRG,29.52,32.0,5.0
CPB,47.98,49.0,5.0
WRB,61.62,62.0,5.0
DOV,108.78,111.0,5.0
HRL,48.96,50.0,5.0
AES,17.87,18.0,4.0
PPL,26.68,28.0,5.0
FRC,108.17,110.0,5.0
K,63.38,67.0,5.0
RTN,116.96,160.0,5.0
BAH,84.95,86.0,5.0
BUFF,31.7281,32.0,5.0
MET,37.25,38.0,4.0
AFL,36.33,37.0,5.0
WPM,48.29,52.0,4.0
LNT,51.49,53.0,5.0
UTX,86.01,101.0,4.0
LKQ,28.26,31.0,5.0
LULU,318.73,344.0,5.0
CAG,35.46,36.0,5.0
STLD,29.98,30.0,5.0
ZTO,31.97,32.0,4.0
GS,199.07,202.0,5.0
ZAYO,34.99,35.0,5.0
EMR,65.52,68.0,5.0
CNP,19.02,20.0,5.0
MA,338.39,340.0,5.0
AWI,70.0,71.0,5.0
MNST,80.51,82.0,4.0
AER,25.51,28.0,4.0
AMT,240.0,248.0,5.0
SJM,113.24,114.0,5.0
CL,76.61,77.0,5.0
PXD,88.31,98.0,4.0
VTR,42.88,43.0,4.0
NXPI,124.0,125.0,4.0
WELL,54.39,57.0,5.0
PLD,100.03,101.0,5.0
KSS,19.48,21.0,5.0
ICE,101.23,102.0,5.0
WY,28.31,29.0,5.0
CGNX,63.47,65.0,4.0
FSLR,65.37,71.0,4.0
ODP,18.45,22.0,4.0
PDCO,24.27,26.0,5.0
BCO,40.71,45.0,5.0
CME,168.93,170.0,5.0
PPBI,20.31,22.0,4.0
ETFC,50.1,52.0,5.0
AIV,34.54,36.0,5.0
EXC,35.74,36.0,5.0
TAP,33.58,36.0,4.0
BDX,225.0,240.0,5.0
PEGI,26.74,27.0,5.0
TIF,116.7,120.0,5.0
DLPH,16.32,17.0,4.0
NCLH,16.68,17.0,4.0
MTZ,43.13,44.0,5.0
CEF,18.42,20.0,4.0
EIX,51.89,52.0,5.0
CF,30.95,33.0,5.0
PNC,108.13,110.0,5.0
DISH,29.875,33.0,5.0
MGA,45.97,49.0,4.0
XEL,68.85,69.0,5.0
HQY,49.52,54.0,4.0
ANTM,257.06,269.0,5.0
GD,140.92,147.0,5.0
FNF,32.0,33.0,5.0
BXMT,23.17,24.0,5.0
CHD,93.46,94.0,5.0
DLR,145.94,149.0,5.0
CC,20.43,21.0,5.0
ZBH,136.31,139.0,4.0
NVAX,111.18,113.0,4.0
LPX,31.27,32.0,5.0
BBY,108.44,109.0,5.0
DXCM,400.19,410.0,5.0
NTCT,21.815,23.0,4.0
NEM,62.13,66.0,5.0
BEN,20.47,21.0,5.0
PBH,35.22,36.0,5.0
NI,21.85,22.0,4.0
LLY,148.1,150.0,5.0
KLAC,193.25,194.0,5.0
HSIC,59.65,64.0,4.0
CXO,44.94,48.0,4.0
BIG,47.76,48.0,5.0
GCP,21.0,24.0,4.0
STZ,185.45,186.0,4.0
LBTYK,20.89,22.0,4.0
USFD,23.04,24.0,4.0
SFM,21.18,22.0,5.0
DOX,58.14,59.0,5.0
KMT,29.57,30.0,4.0
LNG,49.33,51.0,5.0
BAX,79.54,83.0,5.0
GWW,353.67,355.0,5.0
EA,132.28,134.0,4.0
CNQ,16.72,19.0,4.0
INXN,77.41,89.0,4.0
VRTX,267.73,268.0,5.0
QTS,64.14,65.0,5.0
ES,82.65,84.0,5.0
HOMB,15.33,16.0,5.0
NKTR,16.84,19.0,4.0
PSX,53.98,59.0,4.0
AKAM,110.97,111.0,5.0
AMH,28.68,29.0,5.0
CDNS,105.25,107.0,5.0
CTB,31.26,34.0,4.0
SKX,29.67,30.0,4.0
WRE,20.41,21.0,4.0
NTAP,43.6,44.0,5.0
DRE,36.93,38.0,5.0
AXTA,22.54,23.0,4.0
SHOO,19.61,21.0,4.0
CONE,72.23,78.0,5.0
AEM,78.28,81.0,5.0
CB,116.97,121.0,4.0
PRU,64.03,67.0,4.0
UCBI,16.95,18.0,5.0
LBTYA,21.33,22.0,4.0
CBSH,55.61,57.0,5.0
HIG,36.88,39.0,5.0
ITW,195.68,196.0,5.0
YELP,20.13,22.0,4.0
MTOR,21.32,23.0,4.0
IRM,26.6,29.0,4.0
TSCO,142.02,145.0,5.0
POST,84.66,86.0,5.0
VSH,15.89,16.0,5.0
TER,79.2,82.0,5.0
HPP,22.16,23.0,5.0
CNO,16.27,17.0,4.0
JNPR,21.98,23.0,5.0
INVH,28.54,29.0,5.0
CTRE,18.3,19.0,5.0
NHI,61.81,63.0,5.0
FE,28.45,29.0,5.0
NOC,329.52,338.0,5.0
ASH,71.85,74.0,5.0
MCHP,103.07,105.0,5.0
KLIC,22.54,24.0,4.0
O,61.67,62.0,5.0
TPH,17.74,18.0,4.0
PFPT,105.72,107.0,4.0
TROW,128.55,132.0,4.0
RXN,29.23,30.0,5.0
OSK,73.17,77.0,5.0
PPC,15.06,16.0,4.0
GNTX,25.71,27.0,4.0
YUMC,52.0,54.0,5.0
HMSY,23.66,27.0,4.0
ALV,72.06,75.0,4.0
BXP,82.73,85.0,5.0
WGO,49.96,54.0,4.0
JBHT,130.55,136.0,5.0
TXT,36.81,38.0,4.0
EXPE,94.29,95.0,4.0
WERN,43.43,45.0,5.0
HCSG,20.93,21.0,5.0
DLTR,90.94,93.0,5.0
OUT,15.01,16.0,4.0
MTSI,33.09,35.0,4.0
CBT,36.4,38.0,4.0
UHS,104.41,111.0,5.0
ENB,30.08,32.0,4.0
ACHC,28.04,30.0,4.0
SPG,65.79,67.0,5.0
TRIP,19.82,22.0,4.0
TRP,44.23,47.0,5.0
FAST,45.77,46.0,4.0
HGV,21.98,22.0,4.0
EWBC,32.64,35.0,5.0
BMRN,77.99,79.0,4.0
MPW,17.615,18.0,5.0
AEE,78.42,79.0,5.0
OLED,174.6,175.0,4.0
OFC,23.81,24.0,5.0
STT,60.49,65.0,5.0
BR,132.0,136.0,5.0
PRO,32.03,36.0,4.0
SSNC,61.42,62.0,5.0
SUN,24.7,26.0,5.0
ATUS,26.54,27.0,5.0
BDC,31.3,33.0,4.0
AGCO,72.9,73.0,5.0
MMC,114.54,116.0,5.0
CAKE,28.11,29.0,4.0
SPLK,187.9,196.0,4.0
MCO,285.16,286.0,5.0
BZUN,33.98,38.0,5.0
PAGS,37.73,40.0,5.0
L,34.73,36.0,4.0
VNO,34.76,35.0,4.0
BCC,40.11,44.0,5.0
TCP,26.07,30.0,5.0
ULTA,225.74,227.0,5.0
OGE,29.66,31.0,5.0
DXC,17.09,19.0,4.0
UDR,33.0,34.0,5.0
KBR,22.72,24.0,4.0
SRE,116.71,122.0,5.0
SAVE,16.53,17.0,4.0
OMC,49.64,53.0,4.0
FMC,106.32,108.0,5.0
PH,202.94,207.0,5.0
CIEN,39.78,49.0,5.0
SCCO,44.89,46.0,5.0
YEXT,15.41,17.0,4.0
NGHC,33.9,34.0,5.0
ALLE,99.21,100.0,5.0
EQIX,764.81,766.0,5.0
GRA,41.83,43.0,4.0
UNM,17.08,18.0,4.0
NJR,26.66,29.0,4.0
NNN,35.29,36.0,5.0
LIVN,43.82,45.0,4.0
VRNT,47.52,48.0,5.0
HAS,78.25,79.0,4.0
CUZ,28.83,30.0,4.0
HALO,25.93,28.0,5.0
KTOS,19.35,20.0,4.0
TRN,19.76,20.0,4.0
SPGI,355.55,356.0,5.0
BHF,27.28,29.0,4.0
AN,53.77,56.0,5.0
MCK,150.09,152.0,5.0
VC,68.51,74.0,4.0
ATH,34.87,36.0,4.0
EFX,158.11,162.0,5.0
OHI,30.21,31.0,5.0
SIVB,237.48,247.0,5.0
MPLX,16.65,18.0,5.0
LPLA,77.15,80.0,5.0
FORM,24.75,25.0,4.0
BRKS,46.26,48.0,4.0
SNDR,25.45,27.0,5.0
EW,77.71,82.0,4.0
ROK,219.99,225.0,5.0
IONS,49.03,52.0,4.0
THO,94.65,97.0,5.0
WB,34.96,35.0,5.0
CHGG,70.79,71.0,5.0
THRM,41.05,43.0,4.0
ALB,84.84,93.0,5.0
RHI,53.24,54.0,5.0
PNFP,35.56,39.0,5.0
CBOE,89.01,90.0,5.0
AL,29.85,31.0,5.0
LITE,75.14,79.0,4.0
TCF,23.73,26.0,5.0
RY,71.45,74.0,5.0
TRV,110.22,113.0,4.0
CSL,121.22,125.0,5.0
GWRE,106.12,110.0,4.0
ANET,205.05,212.0,4.0
PCRX,59.37,60.0,4.0
ICHR,21.7,24.0,5.0
WSM,88.36,91.0,5.0
BWA,38.01,41.0,4.0
SWCH,15.48,16.0,5.0
ADS,43.26,45.0,5.0
DRQ,24.38,31.0,4.0
AXS,44.22,46.0,5.0
TLND,38.75,41.0,4.0
ILMN,305.46,333.0,5.0
ISRG,693.16,699.0,4.0
SPAR,17.08,20.0,4.0
MDU,22.45,23.0,5.0
PSXP,22.61,25.0,5.0
CWH,28.46,32.0,5.0
COHR,109.82,111.0,4.0
CASY,175.82,176.0,5.0
CAH,47.55,49.0,5.0
AYI,101.55,106.0,5.0
DVA,84.5,87.0,5.0
REGN,571.92,585.0,5.0
NTES,463.94,480.0,5.0
LNC,32.05,35.0,4.0
CMA,38.55,40.0,5.0
ALK,37.54,39.0,4.0
PFG,40.1,42.0,5.0
IRET,67.09,69.0,4.0
HUM,400.0,406.0,5.0
TEX,19.04,20.0,4.0
HFC,20.89,23.0,4.0
TSN,59.76,62.0,5.0
PTC,82.9,88.0,5.0
SBGI,20.28,21.0,5.0
MMP,35.01,38.0,5.0
EGOV,20.07,21.0,5.0
WAL,32.55,35.0,5.0
ARE,161.35,165.0,5.0
LYV,54.41,55.0,4.0
ELY,18.78,19.0,4.0
LPT,61.95,62.0,5.0
MKC,195.18,200.0,5.0
WAFD,21.08,23.0,5.0
CQP,33.52,35.0,5.0
RMD,172.0,176.0,5.0
IRDM,25.21,28.0,4.0
BKU,21.87,23.0,5.0
H,54.49,56.0,4.0
AVB,151.45,154.0,5.0
INCY,90.36,92.0,5.0
TRMB,48.7,51.0,5.0
TRU,83.74,85.0,5.0
ACGL,29.26,31.0,5.0
SBNY,85.54,94.0,5.0
MGP,28.74,29.0,5.0
AEL,21.18,23.0,4.0
RYN,26.89,28.0,5.0
SYNA,81.06,83.0,5.0
VSTO,19.2,20.0,5.0
PPG,121.74,123.0,5.0
FR,40.78,42.0,5.0
TRHC,40.14,45.0,4.0
ECHO,26.81,27.0,5.0
FNV,138.76,146.0,4.0
LPSN,52.92,55.0,4.0
KMX,95.05,104.0,5.0
NBHC,26.27,28.0,5.0
MOH,163.07,179.0,5.0
FUL,46.74,49.0,5.0
SCHL,20.81,22.0,4.0
HSY,140.41,145.0,5.0
BECN,30.74,31.0,4.0
BPOP,36.71,37.0,5.0
WRI,17.1,18.0,5.0
SHOP,966.5,982.0,4.0
BLUE,55.9,57.0,4.0
BOOT,27.48,28.0,4.0
TKR,54.81,55.0,5.0
RL,70.44,72.0,4.0
TD,46.63,48.0,5.0
BRO,44.87,45.0,5.0
ALSN,34.95,35.0,5.0
FAF,51.17,52.0,5.0
BRKR,39.49,41.0,5.0
G,38.98,40.0,5.0
CFX,31.39,33.0,4.0
PANW,245.94,251.0,4.0
GPC,95.74,97.0,4.0
KMPR,68.14,74.0,5.0
BGS,28.44,29.0,5.0
NBIX,97.38,108.0,5.0
CHKP,121.6,123.0,5.0
CMCO,33.52,36.0,4.0
CRS,18.65,20.0,4.0
BLK,558.73,570.0,5.0
CATM,20.27,21.0,4.0
POR,35.6,37.0,5.0
ORLY,457.34,465.0,5.0
FFIV,123.37,127.0,5.0
HOG,23.91,27.0,4.0
STWD,15.95,16.0,5.0
UNVR,17.22,18.0,5.0
PAAS,32.1,34.0,4.0
ADNT,17.16,18.0,4.0
HAE,87.77,88.0,5.0
WTR,51.94,52.0,4.0
MRTN,16.79,18.0,4.0
DLX,25.97,28.0,5.0
LMNX,25.91,27.0,5.0
AAP,153.39,155.0,5.0
TXRH,62.01,63.0,4.0
TNET,60.28,64.0,5.0
LZB,30.94,32.0,5.0
EEFT,88.22,97.0,4.0
BXS,19.31,21.0,5.0
GMS,23.92,25.0,5.0
JEC,85.84,92.0,5.0
RJF,72.69,74.0,5.0
WWD,78.82,83.0,5.0
AMP,151.48,154.0,4.0
WSO,233.49,238.0,5.0
ATO,95.04,97.0,5.0
STAG,30.98,32.0,5.0
WAB,62.96,66.0,5.0
PFGC,34.79,36.0,4.0
MUSA,132.15,137.0,5.0
CM,75.64,77.0,5.0
SWX,62.44,63.0,5.0
SSRM,18.16,20.0,4.0
WUBA,55.88,56.0,4.0
MIC,25.99,28.0,4.0
TSEM,18.5,19.0,4.0
TCBI,30.775,32.0,4.0
DXPE,16.65,18.0,5.0
ENS,66.43,70.0,5.0
RP,58.8,60.0,5.0
TFX,341.89,368.0,5.0
EQC,30.24,31.0,4.0
DEI,25.47,27.0,5.0
UFS,27.55,28.0,4.0
SPR,19.98,20.0,4.0
BJRI,30.96,31.0,4.0
FLIR,35.98,36.0,5.0
PII,92.08,97.0,4.0
JCOM,70.34,71.0,5.0
MIDD,90.9,95.0,5.0
SF,50.93,51.0,5.0
WBS,25.62,27.0,5.0
WST,272.39,274.0,4.0
SCI,43.07,44.0,5.0
BERY,48.32,51.0,5.0
MAG,15.18,16.0,4.0
ETR,96.68,98.0,5.0
FLS,27.43,29.0,5.0
IAC,117.93,125.0,4.0
VIRT,23.36,26.0,5.0
UCTT,21.65,23.0,5.0
HIW,34.11,36.0,5.0
REXR,46.41,47.0,4.0
TERP,19.35,20.0,4.0
RS,104.27,105.0,5.0
HEI,105.44,108.0,5.0
CFR,64.79,69.0,5.0
REG,38.56,40.0,5.0
RPM,82.49,84.0,5.0
BNS,41.83,42.0,5.0
WOR,40.94,41.0,5.0
NUVA,49.15,52.0,4.0
FRPT,107.48,110.0,4.0
COLD,36.1,37.0,5.0
HTLD,19.08,20.0,4.0
VRNS,115.13,116.0,4.0
EV,38.42,39.0,4.0
CLX,211.97,217.0,5.0
HII,143.13,150.0,5.0
PRGO,45.63,50.0,5.0
PRAH,99.15,102.0,5.0
HLI,57.06,58.0,4.0
FTNT,117.31,124.0,5.0
SPB,57.29,59.0,5.0
IFF,121.4,122.0,5.0
IQV,155.31,159.0,4.0
WNS,63.79,65.0,5.0
WTFC,40.57,43.0,5.0
SGRY,19.89,20.0,4.0
RPD,61.59,62.0,4.0
PETS,31.67,32.0,4.0
THS,40.38,42.0,4.0
TBI,15.72,16.0,4.0
COUP,276.66,286.0,4.0
BCE,41.89,43.0,5.0
MGRC,60.29,64.0,5.0
FANH,16.9,20.0,5.0
MMSI,43.25,46.0,4.0
BKH,53.92,55.0,5.0
HE,33.18,34.0,5.0
SJI,19.14,21.0,4.0
FBM,15.38,16.0,5.0
VAR,171.95,173.0,5.0
SUPN,20.78,22.0,5.0
UGI,32.72,33.0,5.0
COLL,18.78,19.0,5.0
DRNA,18.085,19.0,4.0
SMG,152.3,161.0,5.0
FLOW,43.38,44.0,4.0
MKSI,110.49,114.0,5.0
CWT,43.55,45.0,5.0
MTB,94.22,101.0,5.0
FDS,333.29,343.0,5.0
JLL,97.47,101.0,5.0
PNM,41.45,42.0,5.0
PACW,17.01,18.0,5.0
MXL,22.79,24.0,4.0
OLLI,87.52,95.0,5.0
LOCO,15.88,17.0,5.0
MCFT,17.1,20.0,4.0
AVA,34.12,36.0,5.0
WIX,254.67,271.0,4.0
NTB,22.61,25.0,5.0
ERI,38.24,49.0,4.0
OSTK,74.62,87.0,5.0
FOXF,75.8,89.0,5.0
DCI,46.68,49.0,5.0
AIZ,120.1,121.0,5.0
CWST,55.55,56.0,5.0
COR,119.56,120.0,5.0
INT,21.94,25.0,4.0
UMBF,49.54,52.0,5.0
BAP,123.53,129.0,4.0
BC,59.35,61.0,5.0
MBUU,48.33,53.0,5.0
HTLF,30.53,33.0,5.0
BLKB,57.89,61.0,5.0
IPAR,37.5,42.0,4.0
MLI,27.53,29.0,5.0
ROG,99.1,111.0,4.0
ABMD,273.55,288.0,4.0
HRC,82.92,89.0,5.0
FRT,74.94,79.0,5.0
NDSN,189.8,191.0,5.0
BMO,59.51,61.0,5.0
MTD,968.47,970.0,5.0
EGHT,15.68,16.0,4.0
ESS,207.52,215.0,5.0
JKHY,162.72,165.0,5.0
INGR,76.6,79.0,5.0
EPAY,42.82,46.0,4.0
WPC,66.6,69.0,5.0
VRSK,184.52,185.0,5.0
AWR,74.33,75.0,5.0
WLKP,19.33,20.0,5.0
IOVA,31.92,32.0,4.0
LL,21.76,23.0,5.0
LEA,107.35,116.0,4.0
APD,293.0,295.0,5.0
AVT,26.29,27.0,4.0
PCH,41.8,44.0,5.0
OTEX,42.4,43.0,5.0
SNV,21.1,22.0,5.0
SNA,146.71,148.0,5.0
SAH,40.92,42.0,5.0
HZO,26.4,28.0,5.0
SATS,25.5,28.0,4.0
SLGN,36.79,37.0,5.0
IBKR,48.37,50.0,5.0
GPI,89.36,90.0,5.0
CPA,53.72,54.0,4.0
CTLT,84.11,86.0,5.0
SAIC,79.87,81.0,5.0
HSII,19.8,21.0,4.0
LOPE,83.76,89.0,4.0
HVT,20.43,21.0,5.0
GOLD,27.86,29.0,5.0
RLI,84.52,90.0,5.0
KEX,37.08,41.0,5.0
SMTC,53.19,57.0,5.0
B,35.98,37.0,5.0
SCHN,19.93,20.0,4.0
UBSI,21.7,25.0,5.0
EVTC,34.84,35.0,5.0
ODFL,187.35,194.0,4.0
FCFS,56.99,60.0,5.0
CNS,56.65,59.0,5.0
LM,49.99,50.0,5.0
BITA,15.76,16.0,4.0
SON,51.01,53.0,5.0
GDOT,49.99,51.0,5.0
ROP,400.6,415.0,5.0
RBA,58.19,59.0,5.0
GRMN,95.38,100.0,4.0
MEDP,109.91,120.0,5.0
MCY,41.89,44.0,5.0
TWOU,35.7,37.0,4.0
GATX,64.14,65.0,5.0
EPC,27.77,29.0,5.0
AMWD,78.3,84.0,5.0
CATY,22.005,24.0,5.0
MSM,63.02,65.0,5.0
COLB,23.76,27.0,5.0
GEF,36.79,37.0,5.0
MPAA,15.4,17.0,4.0
TDS,19.01,22.0,4.0
COWN,15.64,17.0,5.0
SKYW,31.21,33.0,4.0
GNL,16.22,17.0,4.0
NPO,57.87,58.0,4.0
RCI,39.63,41.0,5.0
SEM,19.83,20.0,5.0
WD,51.0,53.0,5.0
ITT,59.98,62.0,5.0
PGTI,17.53,18.0,5.0
SLAB,98.37,99.0,4.0
WWE,39.87,42.0,5.0
RNG,267.8,276.0,5.0
EHC,63.06,64.0,5.0
PEGA,120.28,123.0,4.0
DTE,114.81,117.0,5.0
DEA,23.15,24.0,5.0
MINI,29.5,34.0,5.0
AEIS,61.98,68.0,5.0
NDAQ,125.37,128.0,5.0
NFG,42.12,44.0,5.0
WSFS,26.48,28.0,4.0
CNNE,35.9,37.0,5.0
WCC,43.73,45.0,4.0
BRC,39.59,45.0,4.0
AAT,24.48,25.0,5.0
ENR,39.64,44.0,5.0
NSA,33.33,34.0,5.0
UTHR,101.4,105.0,4.0
CALM,39.23,40.0,4.0
ALRM,56.2,58.0,5.0
LSCC,28.75,29.0,5.0
ECPG,39.44,43.0,5.0
AME,99.49,100.0,5.0
SR,52.89,56.0,4.0
AMED,232.91,236.0,5.0
CHRS,18.83,19.0,5.0
HFWA,18.63,20.0,4.0
QADA,42.64,43.0,5.0
RE,201.6,211.0,5.0
FBC,30.02,31.0,4.0
SFNC,15.9,17.0,5.0
HUBB,136.96,142.0,5.0
PBA,21.78,24.0,4.0
GMED,49.67,54.0,4.0
PB,51.17,53.0,5.0
TU,17.93,18.0,5.0
LCII,105.32,113.0,5.0
IBKC,43.08,46.0,4.0
ICFI,63.75,67.0,5.0
ACIW,25.7,28.0,5.0
IART,46.76,47.0,4.0
PRAA,40.23,43.0,5.0
CORE,29.12,32.0,5.0
AFG,66.76,67.0,5.0
BANR,32.62,34.0,5.0
FN,63.0,66.0,4.0
SLF,41.12,42.0,5.0
KL,48.69,52.0,4.0
VSAT,34.19,37.0,4.0
SIGI,49.99,55.0,5.0
CACI,217.68,227.0,5.0
ALKS,16.89,17.0,4.0
BOH,50.94,54.0,5.0
FIZZ,69.38,75.0,5.0
EVBG,130.45,133.0,4.0
ENV,78.7,80.0,4.0
AIN,50.83,51.0,5.0
HXL,34.35,38.0,4.0
SWM,28.79,30.0,5.0
EME,68.27,72.0,4.0
HEES,19.77,20.0,5.0
UVV,41.72,43.0,4.0
HUBG,50.55,52.0,5.0
LAD,228.32,245.0,5.0
DCO,33.98,37.0,5.0
FLWS,25.64,27.0,5.0
EBIX,20.48,22.0,5.0
ANSS,318.8,322.0,4.0
MMS,68.75,74.0,5.0
CBRL,119.6,126.0,4.0
ITRI,59.2,60.0,4.0
GBCI,32.42,34.0,5.0
LKFN,41.5,45.0,5.0
ACIA,67.55,68.0,4.0
GWPH,99.5,103.0,4.0
SFBS,33.99,36.0,5.0
SMPL,22.0,23.0,5.0
ZBRA,260.56,267.0,5.0
GABC,27.33,28.0,5.0
FDP,22.56,23.0,4.0
MGLN,73.78,74.0,5.0
EDIT,29.14,33.0,4.0
AB,27.45,28.0,4.0
TRMK,21.42,23.0,5.0
EFSC,27.48,29.0,5.0
BOKF,51.6,55.0,5.0
MD,16.19,18.0,4.0
JBT,95.94,100.0,5.0
RHP,37.605,38.0,4.0
ADC,64.33,66.0,4.0
ENVA,16.01,17.0,5.0
TPIC,27.76,29.0,4.0
TA,19.01,20.0,4.0
MNRO,40.71,45.0,5.0
ACLS,22.28,23.0,4.0
EPR,28.18,31.0,4.0
CRAI,39.04,42.0,5.0
DSGX,53.75,56.0,4.0
AIT,54.9,59.0,5.0
TREE,301.12,307.0,4.0
MODN,36.24,38.0,4.0
HMN,33.71,37.0,5.0
CHCT,46.8,47.0,5.0
HLNE,63.14,67.0,5.0
HHC,58.2,59.0,4.0
PMT,16.86,17.0,5.0
GOLF,33.1,34.0,5.0
LGND,95.75,101.0,5.0
CENTA,35.05,37.0,5.0
EGP,132.41,133.0,5.0
MIME,45.97,47.0,5.0
KRC,53.42,56.0,5.0
NATI,35.38,36.0,4.0
PLXS,71.67,74.0,5.0
TRNO,55.62,57.0,4.0
ASGN,65.27,70.0,5.0
MANT,70.54,73.0,4.0
IBTX,44.0,46.0,5.0
FWONA,33.04,35.0,4.0
ATKR,23.25,27.0,5.0
UHAL,356.98,363.0,5.0
SJR,18.42,19.0,5.0
SA,18.49,19.0,4.0
CVBF,16.67,18.0,5.0
NGVT,49.7,56.0,5.0
PATK,56.39,57.0,5.0
VMI,122.32,125.0,5.0
SASR,23.19,24.0,4.0
FCN,108.92,112.0,5.0
WEX,143.78,153.0,5.0
NXST,94.54,95.0,5.0
MTRN,53.91,54.0,5.0
TECH,243.74,250.0,4.0
BOOM,32.14,34.0,4.0
NEWR,56.32,58.0,4.0
FXE,109.85,111.0,4.0
PRI,114.76,122.0,5.0
QLYS,100.51,102.0,5.0
RTRX,18.08,19.0,4.0
ICUI,185.48,190.0,4.0
LSTR,127.54,131.0,5.0
LTC,34.73,36.0,5.0
ELS,63.45,64.0,5.0
WASH,31.49,33.0,4.0
CBZ,23.02,24.0,5.0
SAIA,127.09,131.0,5.0
OGS,68.49,72.0,5.0
AY,27.61,29.0,5.0
CMD,45.06,50.0,5.0
RBC,95.88,98.0,5.0
ADUS,93.67,94.0,4.0
NWE,49.15,51.0,5.0
ELF,18.76,19.0,5.0
UFPI,56.38,58.0,5.0
IBOC,26.45,30.0,5.0
VEC,39.43,41.0,5.0
HELE,197.23,201.0,5.0
POL,25.41,27.0,5.0
HASI,40.93,41.0,5.0
FBK,25.13,27.0,5.0
KALU,53.47,61.0,4.0
ITGR,58.8,65.0,5.0
RGEN,147.28,148.0,4.0
SILC,32.38,34.0,4.0
RGLD,119.2,131.0,4.0
EBS,103.64,111.0,5.0
QTWO,92.89,93.0,4.0
CALX,18.03,19.0,4.0
AGYS,24.59,25.0,4.0
CG,24.74,26.0,5.0
EVA,38.57,40.0,5.0
ATR,112.36,117.0,5.0
FWRD,56.47,58.0,5.0
ABG,98.66,104.0,5.0
WHD,18.99,21.0,5.0
LECO,91.42,94.0,5.0
TREX,71.06,83.0,4.0
CHUY,19.97,21.0,5.0
CLB,16.0,20.0,4.0
CIT,17.78,19.0,4.0
CENT,38.54,40.0,5.0
SPTN,16.25,19.0,5.0
NSIT,56.44,58.0,5.0
EQBK,15.09,16.0,5.0
RACE,183.28,191.0,5.0
KOP,20.88,23.0,5.0
LFUS,176.81,179.0,4.0
CYBR,100.35,104.0,4.0
MBIN,19.99,20.0,5.0
HI,28.2,30.0,5.0
FELE,58.43,59.0,4.0
SSB,48.03,54.0,4.0
ENTA,44.15,48.0,4.0
EXPO,73.08,78.0,5.0
SKY,27.8,28.0,5.0
GTS,17.71,19.0,4.0
KFY,29.27,30.0,4.0
GIB,67.56,69.0,5.0
NNI,61.03,64.0,5.0
RMAX,33.13,35.0,4.0
HRI,39.13,40.0,5.0
LDL,17.62,18.0,4.0
PRLB,131.78,141.0,4.0
TECD,144.9,145.0,5.0
MMI,27.5,28.0,4.0
CR,51.08,55.0,5.0
LNN,96.71,99.0,5.0
TCBK,24.64,27.0,5.0
INGN,28.41,29.0,4.0
GSBC,36.89,38.0,5.0
PEN,194.46,211.0,4.0
ANIP,27.72,30.0,4.0
FXC,73.58,75.0,4.0
PRSC,89.11,91.0,5.0
NWN,43.94,49.0,4.0
AVAV,61.52,71.0,4.0
AMPH,18.51,20.0,4.0
CNMD,78.12,83.0,4.0
ABCB,22.81,24.0,5.0
NTGR,30.06,32.0,5.0
FONR,22.25,25.0,4.0
UNF,190.97,191.0,4.0
RDWR,24.655,25.0,5.0
CACC,321.0,382.0,5.0
NEP,58.36,59.0,5.0
CNA,30.47,32.0,5.0
CRY,18.46,19.0,4.0
SSD,96.43,98.0,4.0
OLBK,28.83,29.0,5.0
TNC,61.33,66.0,5.0
AGIO,35.25,39.0,4.0
TDY,315.39,317.0,5.0
SRCE,30.89,33.0,5.0
HURN,39.76,42.0,5.0
SRI,18.34,20.0,4.0
SBSI,24.74,27.0,4.0
WSC,16.53,17.0,5.0
QCRH,27.42,29.0,5.0
USPH,85.89,89.0,5.0
JOE,20.85,22.0,5.0
RMR,28.86,29.0,5.0
SBCF,18.06,19.0,5.0
OSB,29.19,33.0,5.0
ASA,21.05,23.0,4.0
REX,64.36,67.0,4.0
FRME,23.42,25.0,5.0
CBPX,36.99,37.0,5.0
IDCC,57.12,60.0,5.0
ROLL,122.75,127.0,4.0
NSSC,23.65,24.0,4.0
NEO,36.16,37.0,4.0
EGLE,16.56,17.0,4.0
EGBN,26.56,28.0,5.0
THG,92.79,98.0,5.0
IDA,81.23,86.0,5.0
MED,165.51,168.0,5.0
PEBO,19.39,21.0,5.0
WMK,48.28,49.0,5.0
BBSI,50.62,55.0,5.0
ASMB,16.16,19.0,4.0
CIR,27.64,28.0,4.0
IPHS,31.99,32.0,5.0
RNR,170.04,175.0,5.0
CHE,480.36,498.0,5.0
JRVR,44.08,47.0,5.0
NBTB,27.17,30.0,5.0
CRSP,83.69,88.0,4.0
KFRC,32.78,35.0,5.0
UFCS,20.68,23.0,5.0
CCMP,142.44,150.0,5.0
TRS,23.14,24.0,4.0
NSP,65.97,67.0,5.0
BBN,25.91,26.0,4.0
CBU,54.43,58.0,5.0
STRA,94.88,98.0,4.0
AVX,21.66,22.0,4.0
PDFS,19.66,20.0,4.0
FIBK,31.91,32.0,5.0
FFIN,28.23,30.0,5.0
RGNX,27.36,29.0,4.0
APPF,144.07,156.0,5.0
APEI,28.47,30.0,4.0
PSB,123.17,125.0,4.0
VICR,75.85,82.0,4.0
ATRC,40.36,41.0,4.0
CW,95.2,99.0,5.0
ALE,52.0,53.0,5.0
Y,517.86,533.0,5.0
UEIC,37.67,40.0,5.0
ORA,58.36,59.0,5.0
SRDX,38.97,42.0,4.0
WSBC,21.43,22.0,5.0
PFBC,32.84,35.0,5.0
CARG,21.93,24.0,4.0
AIMC,37.53,39.0,5.0
DX,15.61,16.0,5.0
CYBE,30.69,32.0,4.0
ECOL,32.25,36.0,4.0
SHEN,44.22,51.0,5.0
NEU,345.73,366.0,5.0
FSS,29.68,31.0,5.0
HCI,50.81,54.0,5.0
NVG,15.52,16.0,4.0
VBTX,16.94,18.0,4.0
HY,37.63,40.0,5.0
BCPC,96.7,98.0,4.0
CLH,56.13,58.0,5.0
USNA,74.24,78.0,4.0
OTTR,36.54,38.0,5.0
CTO,42.38,43.0,4.0
PAHC,17.84,19.0,5.0
CKH,29.04,30.0,4.0
MATX,39.59,40.0,5.0
BOMN,15.53,16.0,4.0
OXM,40.07,46.0,4.0
ALGT,127.11,128.0,4.0
KNSL,182.77,194.0,5.0
GTY,26.12,28.0,5.0
HMST,25.93,27.0,4.0
IMKTA,37.43,39.0,5.0
INDB,50.34,59.0,5.0
TR,30.48,31.0,4.0
ERIE,208.49,215.0,5.0
HSTM,20.13,21.0,4.0
AGM,65.19,68.0,5.0
FIX,51.84,52.0,5.0
ANAT,69.05,73.0,4.0
HQH,20.45,21.0,4.0
ARCB,31.39,32.0,4.0
WABC,54.43,58.0,5.0
CNBKA,64.1,68.0,5.0
CNXN,41.33,43.0,5.0
DLB,65.99,67.0,4.0
HAYN,17.82,19.0,4.0
TPB,28.38,30.0,5.0
CAC,30.21,32.0,5.0
GOOD,17.27,18.0,5.0
CCD,22.77,23.0,4.0
KRYS,40.8,45.0,4.0
VLGEA,24.93,25.0,5.0
MKL,978.37,1044.0,5.0
GRC,30.26,32.0,4.0
OLP,17.06,18.0,5.0
SYBT,35.02,41.0,5.0
HWKN,46.54,50.0,5.0
SJW,61.23,62.0,5.0
GFF,20.16,21.0,5.0
CEVA,39.07,40.0,4.0
AGX,42.5,43.0,5.0
XOMA,18.94,19.0,4.0
SMP,43.97,46.0,5.0
ILPT,21.93,22.0,5.0
KIDS,45.07,48.0,4.0
EIG,30.33,31.0,5.0
CHCO,57.88,62.0,5.0
PCN,15.41,16.0,4.0
MBWM,18.22,20.0,5.0
KAMN,39.91,44.0,4.0
USM,30.11,34.0,4.0
POWI,54.3,55.0,4.0
PGC,15.3,16.0,5.0
JBSS,74.84,79.0,5.0
RGR,62.08,68.0,4.0
TTEC,54.01,56.0,5.0
FISI,15.51,17.0,5.0
VCYT,31.7,32.0,4.0
MOFG,18.06,19.0,5.0
RNST,22.66,24.0,5.0
ESE,80.67,86.0,5.0
FBMS,20.83,21.0,5.0
KELYA,16.89,18.0,4.0
TMP,56.73,63.0,5.0
ABTX,23.02,25.0,5.0
PLUS,73.44,75.0,5.0
THFF,31.85,33.0,5.0
RCKT,22.51,25.0,4.0
LRN,27.48,35.0,5.0
RAVN,21.91,24.0,4.0
JJSF,130.38,134.0,4.0
CTBI,29.01,31.0,5.0
CCF,97.52,100.0,4.0
BSRR,16.83,18.0,5.0
NVMI,51.64,52.0,4.0
VALU,24.02,26.0,5.0
FC,18.05,19.0,4.0
NC,18.9,20.0,4.0
HBB,19.41,21.0,5.0
NTRSP,0.6675,25.0,4.0
RM,16.8,18.0,5.0
UTL,38.83,40.0,5.0
SCL,110.03,114.0,5.0
EOS,18.33,19.0,4.0
NEWT,18.96,19.0,5.0
FORR,34.33,35.0,5.0
MFSF,24.87,26.0,5.0
RILY,25.2,26.0,5.0
AMEH,17.53,18.0,5.0
STN,30.54,31.0,5.0
GHC,404.94,419.0,4.0
AMOT,41.08,42.0,5.0
CSV,21.99,22.0,5.0
EBF,17.61,18.0,4.0
FMBH,23.76,26.0,5.0
WDFC,189.44,198.0,5.0
NP,39.03,43.0,4.0
BHB,19.9,20.0,5.0
WTM,775.35,849.0,4.0
IEP,48.95,50.0,5.0
CELH,20.25,21.0,4.0
WEYS,15.67,17.0,4.0
GOF,17.58,18.0,4.0
ESGR,160.89,170.0,5.0
CRMT,87.38,96.0,5.0
MPX,15.34,16.0,4.0
ANIK,35.34,36.0,4.0
TG,15.07,17.0,5.0
BUSE,16.17,17.0,5.0
UHT,57.42,65.0,5.0
VCTR,16.81,17.0,5.0
KAI,112.22,115.0,5.0
FCBC,18.13,19.0,5.0
UTMD,81.03,82.0,4.0
ATNI,50.79,56.0,5.0
HEAR,17.71,18.0,5.0
KREF,17.23,18.0,5.0
MTSC,19.88,23.0,4.0
NPK,83.4,88.0,4.0
POWL,24.47,26.0,5.0
PWOD,20.04,21.0,5.0
COKE,241.11,263.0,5.0
GRIF,52.0,53.0,4.0
VPG,24.97,25.0,5.0
MGEE,63.15,64.0,5.0
CVCO,184.54,188.0,4.0
SP,18.75,19.0,4.0
STBA,18.01,20.0,4.0
TBNK,20.52,21.0,5.0
ACGLP,25.56,26.0,5.0
ALG,105.15,109.0,5.0
BTT,24.98,25.0,4.0
DUKH,25.82,26.0,4.0
IOSP,63.95,71.0,4.0
NVEC,50.36,52.0,4.0
RBCAA,28.45,31.0,5.0
SAL,33.01,36.0,5.0
SPNS,29.79,32.0,5.0
ACMR,68.32,81.0,4.0
PRK,83.29,88.0,5.0
CCBG,18.85,20.0,5.0
ENFC,10.4,30.0,5.0
BMRC,28.79,31.0,5.0
PDI,24.75,25.0,4.0
AC,36.89,38.0,4.0
OPY,22.24,24.0,4.0
KWR,179.02,189.0,4.0
FCNCA,318.4,369.0,5.0
USCI,29.53,30.0,4.0
WTBA,16.28,17.0,5.0
ULH,20.86,21.0,5.0
AROW,25.42,28.0,5.0
BANF,41.55,44.0,5.0
BDGE,17.54,19.0,5.0
BHK,15.52,16.0,4.0
CHMG,28.25,30.0,5.0
DFP,26.94,27.0,4.0
ESLT,121.19,129.0,5.0
GBLI,21.45,24.0,4.0
JOUT,82.68,84.0,4.0
LORL,18.55,22.0,5.0
MHH,18.74,19.0,5.0
SGC,22.82,23.0,5.0
STRS,20.63,21.0,5.0
YORW,43.39,44.0,5.0
SENEA,36.31,41.0,4.0
BMTC,25.3,27.0,5.0
EML,19.6,21.0,4.0
EBAYL,25.8,26.0,5.0
BH,92.13,96.0,4.0
JYNT,17.52,18.0,5.0
FNLC,20.51,21.0,4.0
AMNB,21.09,22.0,5.0
GPJA,26.96,27.0,5.0
HBANO,25.73,26.0,5.0
CFFI,29.11,31.0,5.0
ALX,251.2,257.0,5.0
UFPT,40.27,41.0,4.0
WIRE,47.13,50.0,4.0
TCFC,21.0,22.0,5.0
ATRI,634.99,648.0,4.0
AUBN,37.06,40.0,5.0
OVBC,21.4,22.0,5.0
AE,20.01,21.0,4.0
AMSF,58.06,63.0,5.0
ARCT,41.05,46.0,4.0
BSTC,52.6,59.0,4.0
EBTC,20.66,22.0,5.0
EMP,26.35,27.0,5.0
FMAO,20.21,21.0,5.0
HESM,15.25,17.0,4.0
IRMD,21.02,22.0,4.0
KEN,20.2,21.0,5.0
MCB,27.96,30.0,5.0
PPX,25.53,26.0,5.0
RZB,27.99,28.0,4.0
TPL,461.48,507.0,4.0
MSEX,62.37,64.0,5.0
SFST,23.9,25.0,5.0
SBBX,18.51,19.0,5.0
WLFC,18.63,21.0,4.0
EVBN,22.68,23.0,5.0
GCBC,21.55,22.0,5.0
PLPC,50.85,54.0,4.0
RZA,26.33,27.0,4.0
NCBS,55.9,59.0,5.0
WTFCM,25.93,26.0,4.0
OFED,21.47,24.0,5.0
NWLI,186.99,211.0,4.0
NYMTP,20.5,21.0,4.0
CATC,50.03,53.0,4.0
SAFT,69.78,72.0,5.0
DNBF,4.5,46.0,5.0
NRIM,25.22,27.0,5.0
EBMT,17.46,18.0,5.0
ICBK,18.34,19.0,5.0
BFS,26.84,27.0,5.0
HIFS,185.65,190.0,5.0
ITIC,135.15,136.0,4.0
PEBK,15.99,17.0,5.0
TCI,23.23,24.0,4.0
ACNB,20.86,21.0,5.0
ACU,22.05,23.0,5.0
ACV,25.31,26.0,4.0
ALCO,28.52,31.0,5.0
ARTNA,34.27,35.0,5.0
ATLO,17.24,19.0,5.0
AUDC,31.62,32.0,5.0
AVNW,20.81,21.0,5.0
BDL,16.3961,17.0,4.0
BKJ,1.99,19.0,5.0
CBFV,18.91,19.0,5.0
CHN,24.95,26.0,4.0
CIZN,20.32,21.0,5.0
CLFD,19.74,20.0,4.0
CZNC,16.32,17.0,5.0
DISCB,34.8,37.0,5.0
DIT,62.25,70.0,4.0
DJCO,247.11,268.0,5.0
EAI,25.95,26.0,5.0
ELU,25.51,26.0,4.0
ETX,21.065,22.0,4.0
EZT,25.26,26.0,5.0
FBIOP,18.66,19.0,4.0
FCAP,57.0,60.0,5.0
FXB,124.13,126.0,4.0
GMTA,26.9,27.0,4.0
GNTY,24.85,26.0,5.0
HBCP,24.8,25.0,5.0
HFBL,23.9,24.0,4.0
HURC,28.62,30.0,4.0
HWBK,18.31,19.0,5.0
IHC,36.28,37.0,4.0
IROQ,15.36,16.0,5.0
JPI,22.1,23.0,4.0
JSM,22.75,23.0,5.0
KELYB,16.7,23.0,4.0
LAKE,18.83,21.0,4.0
LARK,20.95,22.0,5.0
LCAHU,16.0,18.0,4.0
LTRPB,37.45,41.0,4.0
MHNC,21.99,22.0,5.0
MMD,20.92,21.0,4.0
MPB,17.52,19.0,5.0
MTBCP,25.69,26.0,4.0
MTEX,16.98,17.0,5.0
NBN,18.42,19.0,4.0
NWFL,24.45,26.0,5.0
NYMTO,20.42,21.0,5.0
OPOF,15.14,16.0,5.0
PFIS,35.09,36.0,5.0
PKO,22.33,23.0,4.0
PLBC,19.45,20.0,5.0
PNRG,69.0,70.0,4.0
PW,19.92,20.0,5.0
QADB,31.91,32.0,5.0
RGCO,23.37,24.0,5.0
RILYZ,24.5,25.0,5.0
RMBL,27.69,32.0,5.0
SENEB,37.24,42.0,4.0
SGB,8.14,24.0,5.0
SLMBP,32.64,34.0,5.0
SUMR,17.21,18.0,5.0
TCBIL,25.86,26.0,4.0
TCBIP,25.71,26.0,4.0
TRCB,0.0575,22.0,5.0
TRNS,29.63,30.0,5.0
USATP,28.15,30.0,4.0
USLM,89.7,92.0,4.0
VRTSP,100.25,101.0,5.0
WSTG,23.15,24.0,5.0
ALC,56.8,58.0,4.0
ACA,44.27,45.0,4.0
ARGO,35.03,36.0,4.0
AMK,22.29,23.0,4.0
EQH,18.61,20.0,4.0
AX,23.69,24.0,5.0
BHC,15.27,16.0,4.0
BJ,40.02,43.0,5.0
BF-B,75.63,76.0,5.0
CWEN,24.88,25.0,4.0
CWEN-A,22.92,23.0,4.0
CCEP,39.76,42.0,5.0
CTVA,28.97,29.0,4.0
DD,56.55,57.0,4.0
DT,40.85,41.0,5.0
EVRG,50.34,52.0,5.0
GL,79.94,82.0,5.0
GEF-B,40.63,42.0,5.0
HNGR,16.46,18.0,5.0
IFS,23.6,24.0,4.0
JW-A,31.7,33.0,4.0
JW-B,31.55,33.0,4.0
KDP,27.84,29.0,5.0
LHX,178.63,180.0,5.0
LIN,237.05,247.0,5.0
RAMP,52.97,53.0,4.0
MDLA,27.705,31.0,4.0
TAP-A,52.47,53.0,4.0
MOG-B,61.72,66.0,5.0
NVT,17.76,19.0,5.0
PD,26.98,28.0,4.0
PRSP,19.42,20.0,4.0
PHR,29.36,30.0,4.0
RVLV,16.865,19.0,5.0
RMM,16.73,17.0,4.0
WORK,27.07,28.0,4.0
SPOT,236.42,254.0,4.0
VAPO,25.97,28.0,4.0
WH,50.86,52.0,4.0
YETI,45.93,49.0,5.0
PIHPP,24.77,25.0,4.0
ALLK,77.35,84.0,4.0
ATEX,33.95,42.0,4.0
ARCE,39.9,43.0,5.0
AUB,21.17,23.0,5.0
BFC,57.22,62.0,5.0
OZK,21.67,23.0,5.0
CNST,19.71,22.0,4.0
CLDB,15.28,16.0,5.0
DBX,19.28,20.0,5.0
ESGRO,26.59,27.0,4.0
EVER,37.69,39.0,4.0
FITBP,26.75,27.0,5.0
FOCS,32.32,34.0,5.0
FRAF,21.35,23.0,5.0
GBLIZ,24.99,25.0,4.0
GSHD,83.55,94.0,5.0
GO,38.03,40.0,5.0
HWC,19.14,20.0,4.0
HLIO,36.93,40.0,5.0
IIIV,25.19,26.0,4.0
IMXI,15.41,16.0,5.0
IPLDP,25.88,26.0,5.0
KRTX,77.1,79.0,4.0
LEVL,15.37,16.0,5.0
LYFT,28.05,29.0,4.0
MBINP,25.695,26.0,5.0
MORF,26.9,27.0,4.0
NRC,48.52,53.0,5.0
NTUS,16.95,18.0,4.0
NGM,15.68,18.0,4.0
NIU,18.01,20.0,4.0
OPI,21.43,23.0,4.0
OBNK,21.25,23.0,5.0
PLMR,101.07,106.0,5.0
PSNL,21.87,22.0,4.0
PDD,75.1,85.0,4.0
PS,17.62,19.0,4.0
RRBI,43.05,45.0,5.0
RDVT,18.51,20.0,4.0
REPL,21.58,24.0,4.0
SVMK,22.69,23.0,4.0
BPRN,18.46,19.0,5.0
LOVE,25.98,27.0,4.0
REAL,15.47,16.0,4.0
XPEL,24.64,25.0,5.0
VRT,16.97,17.0,5.0
TFII,41.46,43.0,5.0
RFL,16.4,17.0,4.0
EPAC,19.55,21.0,4.0
FHI,21.81,23.0,5.0
ONTO,29.76,31.0,4.0
PEAK,27.33,28.0,5.0
PING,31.66,32.0,4.0
PIPR,72.0,73.0,5.0
TFC,37.45,38.0,5.0
WTRG,39.93,41.0,5.0
COFS,24.41,27.0,5.0
ALRS,19.26,21.0,5.0
AHCO,20.97,22.0,5.0
BRP,25.39,26.0,4.0
BDTX,28.7,29.0,4.0
FREQ,19.87,21.0,4.0
CRNC,51.6,53.0,4.0
REYN,31.22,32.0,5.0
SDGR,49.0,58.0,4.0
ONEM,25.98,29.0,4.0
XP,41.5,45.0,5.0
GOODN,24.95,25.0,5.0
FRG,23.54,25.0,4.0
ONEW,21.09,26.0,5.0
FUTU,29.42,31.0,5.0
OYST,19.19,22.0,4.0
VIE,26.48,32.0,4.0
VIR,36.17,37.0,4.0
HTIA,21.75,22.0,4.0
COWNL,26.69,27.0,4.0
CYRXW,21.15,24.0,4.0
ENBA,25.87,26.0,4.0
IFFT,44.22,45.0,4.0
CMSD,27.21,28.0,5.0
UNMA,26.68,27.0,5.0
ELAT,43.39,44.0,4.0
IMRA,22.12,24.0,4.0
RTX,58.89,61.0,4.0
KROS,39.81,47.0,4.0
MSGE,69.51,72.0,4.0
ORIC,19.7,23.0,4.0
KC,29.9,34.0,4.0
SLQT,19.51,20.0,5.0
NARI,67.02,72.0,4.0
SHYF,18.86,20.0,4.0
SWBI,15.51,17.0,5.0
BDXB,50.91,53.0,4.0
NKLA,19.3,36.0,4.0
FOUR,45.59,48.0,4.0
PLRX,22.54,25.0,4.0
VRM,50.87,58.0,4.0
FMBIP,25.99,26.0,5.0
UCBIO,26.15,27.0,5.0
AZEK,34.57,37.0,4.0
VTOL,20.84,22.0,4.0
RNA,29.83,31.0,4.0
PFC,16.02,18.0,5.0
TBKCP,25.44,26.0,5.0
OPINL,25.49,26.0,4.0
AKUS,23.33,24.0,4.0
API,46.38,48.0,4.0
LMND,51.25,55.0,4.0
SNEX,51.53,55.0,5.0
NCNO,82.13,83.0,4.0
MEG,24.66,27.0,5.0
JAMF,35.88,36.0,4.0
