,0
0,CMCSA
1,KMI
2,MU
3,GDX
4,GE
5,BAC
6,EEM
7,XLF
8,SIRI
9,HPQ
10,F
11,SNAP
12,WFC
13,AIG
14,T
15,C
16,VALE
17,MS
18,VWO
19,FXI
20,PFE
21,TWTR
22,AMLP
23,UVXY
24,DWDP
25,VXX
26,VEA
27,ZNGA
28,XOM
29,VIPS
30,CSCO
31,USO
32,GRPN
33,KEY
34,RF
35,KR
36,HAL
37,CLNS
38,GM
39,FCX
40,P
41,NUE
42,XOP
43,RAD
44,ESV
45,SLB
46,FLEX
47,FOXA
48,XRX
49,CVLT
50,X
51,MAT
52,CTL
53,MIK
54,DVN
55,BKLN
56,IBN
57,MPC
58,RDN
59,KO
60,AABA
61,SRC
62,NFX
63,COP
64,CHK
65,CTRP
66,AUY
67,DBEF
68,CLF
69,RSPP
70,GG
71,MGM
72,GFI
73,KGC
74,SCHW
75,NBR
76,JAG
77,WDC
78,BSX
79,ON
80,BK
81,HMY
82,APA
83,HOME
84,DAL
85,INFY
86,CCL
87,BHGE
88,PBR
89,DISCA
90,LPI
91,FITB
92,USB
93,JBLU
94,HBAN
95,DB
96,MRVL
97,ABX
98,WBA
99,CDNA
100,ETP
101,RSX
102,KNX
103,KBH
104,DISCK
105,XLE
106,MO
107,EOG
108,HPE
109,OKE
110,SVXY
111,HES
112,NLSN
113,TS
114,BOX
115,OXY
116,OCLR
117,SYF
118,IAU
119,MTG
120,LUV
121,FTI
122,AA
123,EWG
124,GES
125,FOX
126,ZION
127,CLDR
128,KRE
129,WMB
130,HBI
131,CFG
132,SU
133,SLV
134,JBL
135,NTR
136,PAH
137,EWU
138,PE
139,LVS
140,EGO
141,GSK
142,TEVA
143,PAA
144,SQQQ
145,VLO
146,CSRA
147,IMAX
148,FNB
149,ARNC
150,VOYA
151,SPXU
152,MLCO
153,SJNK
154,UAL
155,HRB
156,JBGS
157,IPG
158,KHC
159,COG
160,WTW
161,NYT
162,DBJP
163,AAL
164,OLN
165,JCI
166,VICI
167,VST
168,NWL
169,EPD
170,AU
171,MYL
172,XRAY
173,KKR
174,IEUR
175,CMC
176,SYMC
177,EWW
178,RMP
179,NRG
180,CPB
181,MOMO
182,TV
183,GLW
184,HRL
185,S
186,TECK
187,AES
188,PPL
189,SEE
190,NLY
191,EWT
192,STX
193,M
194,CY
195,KBE
196,STL
197,NYCB
198,NBL
199,FDC
200,BUFF
201,ARI
202,MET
203,AFL
204,TPR
205,WPM
206,BTG
207,WLL
208,LKQ
209,PCG
210,CRZO
211,CENX
212,CLR
213,FCAU
214,HL
215,UAA
216,CAG
217,STLD
218,ETE
219,ZTO
220,ZAYO
221,ADT
222,ALTR
223,GGP
224,CNP
225,TZA
226,MULE
227,FEZ
228,AER
229,GTN
230,CDE
231,NCR
232,PSTG
233,VRX
234,KAR
235,WPX
236,ADM
237,VTR
238,FG
239,HUN
240,CSTM
241,VER
242,GPK
243,KSS
244,XEC
245,OZRK
246,ATI
247,BDN
248,USG
249,OMER
250,WY
251,IVZ
252,SLM
253,HCP
254,SGU
255,ODP
256,PK
257,TOL
258,PDCO
259,BCO
260,PPBI
261,JMEI
262,AIV
263,EXC
264,TAP
265,GME
266,PEGI
267,MX
268,RLJ
269,LB
270,DLPH
271,NCLH
272,NOV
273,FNSR
274,MTZ
275,TBT
276,WEN
277,GPS
278,CEF
279,WDR
280,URA
281,AMTD
282,CPE
283,XME
284,CF
285,SABR
286,DISH
287,MGA
288,AEO
289,BP
290,NTNX
291,VVV
292,DDR
293,HQY
294,ARCC
295,MUR
296,OMAM
297,SDS
298,NOMD
299,PAY
300,SFIX
301,CCE
302,KIM
303,FNF
304,BXMT
305,NWS
306,IP
307,CLI
308,CC
309,DAN
310,LPX
311,ALDR
312,BG
313,NTCT
314,RDC
315,BEN
316,LUK
317,SHLX
318,CIVI
319,NAVI
320,PBH
321,SBH
322,SEP
323,NI
324,STNG
325,LADR
326,FHN
327,CXO
328,BIG
329,GCP
330,EWH
331,LBTYK
332,MEOH
333,GIII
334,USFD
335,SFM
336,THC
337,DOC
338,ALLY
339,AVP
340,PDM
341,KMT
342,SRNE
343,AMR
344,HP
345,FLR
346,BFR
347,JHG
348,LNG
349,EWZ
350,WU
351,AOBC
352,CARS
353,NUAN
354,PBF
355,GT
356,CNQ
357,CNHI
358,CNX
359,DXJ
360,FWONK
361,ARMK
362,ILG
363,HOMB
364,NKTR
365,GAB
366,CS
367,ARRS
368,AMH
369,FOE
370,MDRX
371,MOS
372,CTB
373,LPL
374,SKX
375,HST
376,UE
377,PHM
378,MT
379,ISBC
380,WRE
381,RRC
382,FL
383,NTAP
384,AGO
385,DRE
386,BBBY
387,CCJ
388,AXTA
389,VIAV
390,SHOO
391,PVG
392,HA
393,PBCT
394,UCBI
395,LBTYA
396,AVYA
397,SC
398,ANF
399,HIG
400,YELP
401,MTOR
402,ARRY
403,MITL
404,SPXS
405,IRM
406,EWC
407,ING
408,UBS
409,KRG
410,VSH
411,LHO
412,SPSB
413,RLGY
414,HPP
415,CNO
416,JNPR
417,URBN
418,BANC
419,INVH
420,OMF
421,CTRE
422,FE
423,KLIC
424,TPH
425,AMX
426,FLO
427,SHO
428,EWL
429,PLUG
430,IGT
431,FANG
432,XLRE
433,HRG
434,RXN
435,EVHC
436,BLMN
437,PPC
438,GNTX
439,IR
440,FBP
441,MDC
442,TISI
443,HMSY
444,BYD
445,WGO
446,NOG
447,FOLD
448,TXT
449,TVPT
450,WERN
451,AGI
452,HCSG
453,VIXY
454,OUT
455,MTSI
456,DBD
457,CBT
458,STOR
459,FBR
460,ABB
461,PNR
462,IIVI
463,CROX
464,ASB
465,ENB
466,TDC
467,AG
468,ACHC
469,MLHR
470,EWA
471,ENLK
472,QRTEA
473,TRIP
474,TRP
475,FAST
476,CBRE
477,HGV
478,BTI
479,VIAB
480,EWP
481,EWBC
482,NXTM
483,DBEU
484,SGH
485,CA
486,CXP
487,AGNC
488,HRTX
489,VSLR
490,MPW
491,CIM
492,ECYT
493,QCP
494,NYLD
495,INSM
496,ETH
497,KS
498,NG
499,BGFV
500,HCC
501,FIT
502,EXEL
503,EYE
504,MBT
505,OFC
506,HLF
507,WRK
508,GREK
509,ORIG
510,PRO
511,TWO
512,AXL
513,ACAD
514,VLY
515,VOD
516,FEYE
517,SUN
518,VECO
519,ATEN
520,WPZ
521,ATUS
522,SIG
523,BDC
524,ERIC
525,APO
526,FMSA
527,BSTI
528,TILE
529,CAKE
530,CAR
531,TMHC
532,SLG
533,STO
534,PEIX
535,BZUN
536,PAGS
537,L
538,NWSA
539,MBI
540,VNO
541,BCC
542,TCP
543,OGE
544,EAT
545,DXC
546,CLVS
547,UDR
548,KBR
549,PGEM
550,STM
551,AQUA
552,SBRA
553,EQT
554,SPIB
555,IDTI
556,SAVE
557,HTA
558,NPTN
559,NSM
560,ARQL
561,SQM
562,KND
563,OMC
564,CVA
565,LXP
566,ONB
567,KN
568,KW
569,SCS
570,CXW
571,CBI
572,GXP
573,USA
574,CIEN
575,SEMG
576,SCCO
577,HDS
578,YEXT
579,ATU
580,NGHC
581,ATSG
582,REVG
583,CCT
584,SPWH
585,TWNK
586,BMCH
587,GRA
588,SUM
589,RDFN
590,UNM
591,MTU
592,NJR
593,NNN
594,PAGP
595,TNA
596,LIVN
597,AMAG
598,REGI
599,VRNT
600,CUZ
601,HALO
602,SGMO
603,KTOS
604,EEP
605,TRN
606,BHF
607,ABR
608,ROIC
609,ACXM
610,ASHR
611,XCRA
612,GSVC
613,INN
614,FAZ
615,SH
616,TROX
617,OEC
618,ATH
619,CSOD
620,TTM
621,OHI
622,MPLX
623,EC
624,LQ
625,SIX
626,FORM
627,FRAC
628,BRKS
629,SNDR
630,SBGL
631,VNDA
632,HTHT
633,SKT
634,IONS
635,APRN
636,KRNY
637,MFC
638,FSIC
639,UA
640,AROC
641,WB
642,KT
643,BOTZ
644,TGNA
645,THRM
646,UMPQ
647,DNOW
648,PNFP
649,DRH
650,CUBE
651,GLPI
652,RDNT
653,AL
654,PHH
655,GNRT
656,AMJ
657,EVH
658,UIS
659,NCS
660,JELD
661,STAY
662,TCF
663,HR
664,SIR
665,CSIQ
666,ICHR
667,BWA
668,SWCH
669,APLE
670,ADS
671,DRQ
672,AXS
673,MTDR
674,CARB
675,CAJ
676,TLND
677,CAL
678,SPAR
679,ESNT
680,NMFC
681,BLDP
682,OI
683,DSW
684,MDU
685,PSXP
686,EPI
687,CWH
688,SMFG
689,FULT
690,UNIT
691,LAZ
692,TEGP
693,NEXA
694,QSII
695,UCO
696,MATW
697,CAH
698,CHUBK
699,SGMS
700,IMMR
701,VKTX
702,MYOV
703,ABM
704,HEWJ
705,BABY
706,UNG
707,MGPI
708,LNC
709,SCHF
710,GTES
711,CMA
712,ALK
713,CHL
714,PFG
715,TEX
716,STFC
717,SAND
718,JWN
719,HFC
720,PQG
721,MBFI
722,ESRT
723,LBRT
724,HDP
725,PEB
726,HSBC
727,OMI
728,EWI
729,SBGI
730,MMP
731,PLAY
732,EGOV
733,HDB
734,TSE
735,WAL
736,SBS
737,EMLC
738,TRGP
739,ELY
740,ARES
741,WAFD
742,CQP
743,PETQ
744,GPT
745,IRDM
746,BKU
747,FII
748,TRMB
749,SOGO
750,APTI
751,ANDX
752,ACGL
753,SFUN
754,GRFS
755,MGP
756,AEL
757,CVG
758,GOGO
759,TSU
760,DBC
761,WES
762,RYN
763,VSTO
764,WAIR
765,ORI
766,SONC
767,TPC
768,XHR
769,WMGI
770,MC
771,COT
772,DDS
773,IPXL
774,FR
775,NMIH
776,TRHC
777,HAIN
778,TIVO
779,CUK
780,ECHO
781,PDCE
782,LFC
783,ESPR
784,BRX
785,EQGP
786,CJ
787,PLCE
788,NBHC
789,SSW
790,FUL
791,LNCE
792,SCHL
793,ITG
794,ADTN
795,AMGP
796,NTRI
797,SEAS
798,BECN
799,BPOP
800,IEV
801,PGRE
802,WRI
803,COMM
804,KORS
805,MWA
806,EIDO
807,GWB
808,SOXS
809,CORT
810,BOOT
811,ALEX
812,DBA
813,AXGN
814,TD
815,BRO
816,ALSN
817,BRKR
818,G
819,CFX
820,ELP
821,BGS
822,CMCO
823,CRS
824,BVN
825,IMO
826,WRD
827,UUP
828,SFS
829,CATM
830,POR
831,BBL
832,RWX
833,DYN
834,GDI
835,PHB
836,KNL
837,HOG
838,STWD
839,PRTA
840,UNVR
841,TUP
842,FSM
843,SCWX
844,PTLA
845,PAAS
846,ADNT
847,PCY
848,HOPE
849,MRTN
850,DLX
851,GEO
852,LMNX
853,TGTX
854,SKM
855,BEAT
856,LZB
857,BPL
858,BXS
859,CVGI
860,JQC
861,GMS
862,PBI
863,XON
864,NRE
865,BAM
866,FINL
867,SNH
868,QID
869,HOLI
870,CBAY
871,BGC
872,STAG
873,FSCT
874,AVEO
875,PFGC
876,RCM
877,DK
878,SSRM
879,ACWF
880,MTW
881,AHL
882,MIC
883,PSQ
884,CYS
885,TSEM
886,ILF
887,DNLI
888,SHLM
889,PNK
890,CNK
891,TCBI
892,OCN
893,DXPE
894,NWBI
895,EQC
896,DEI
897,UFS
898,SPR
899,PSEC
900,BBX
901,NRZ
902,INVA
903,BJRI
904,EVRI
905,LCI
906,FLIR
907,CTT
908,SCO
909,AHH
910,RCII
911,DCP
912,VEDL
913,SERV
914,WBS
915,SCI
916,BERY
917,ENIA
918,TPRE
919,MAG
920,WNC
921,TTMI
922,FLS
923,ARWR
924,VIRT
925,UCTT
926,WBT
927,ANGI
928,BCOR
929,CRH
930,GHL
931,IPI
932,HIW
933,BLDR
934,CNXM
935,MOBL
936,CPS
937,CHEF
938,REXR
939,KURA
940,GTHX
941,MRNS
942,GPRE
943,TERP
944,HIBB
945,REG
946,AXDX
947,CTRL
948,BNS
949,USAT
950,WOW
951,PRMW
952,WOR
953,NUVA
954,HPT
955,ADVM
956,SWIR
957,EFII
958,BNCL
959,QUOT
960,COLD
961,DERM
962,NS
963,YANG
964,FAS
965,HTLD
966,EV
967,NAV
968,DENN
969,VGR
970,AFSI
971,GLRE
972,PRGO
973,OIL
974,RRR
975,SINA
976,FNGN
977,MPO
978,SQNS
979,ACM
980,GGAL
981,CLDX
982,CZZ
983,VCEL
984,RING
985,DBO
986,RYI
987,MAC
988,WTFC
989,SGRY
990,VIV
991,XPER
992,FCF
993,ERX
994,VG
995,SNP
996,RPAI
997,WLH
998,GLNG
999,PETS
1000,THS
1001,RPXC
1002,EDR
1003,AMKR
1004,TBI
1005,ICPT
1006,MITK
1007,BHE
1008,BCE
1009,EQM
1010,FANH
1011,INFN
1012,MMSI
1013,SDOW
1014,FCB
1015,SPXC
1016,HEWG
1017,ARCH
1018,AM
1019,TGI
1020,REDU
1021,DEPO
1022,R
1023,EXG
1024,AVD
1025,UPLD
1026,GLUU
1027,HE
1028,SJI
1029,DWT
1030,LLNW
1031,PBYI
1032,IRWD
1033,CSGS
1034,FBM
1035,CNSL
1036,SUPN
1037,UGI
1038,COLL
1039,SVU
1040,DRNA
1041,CBD
1042,PACB
1043,AVDL
1044,PGX
1045,JNCE
1046,SLVO
1047,FLOW
1048,CWT
1049,RESI
1050,AHGP
1051,KEYW
1052,CDK
1053,HSC
1054,LNTH
1055,SAIL
1056,PNM
1057,PACW
1058,MXL
1059,LOCO
1060,MCFT
1061,DHT
1062,AVA
1063,USCR
1064,INO
1065,NTB
1066,AAOI
1067,ERI
1068,FOSL
1069,SCHE
1070,DCI
1071,FTAI
1072,ONVO
1073,SBLK
1074,LEG
1075,SOI
1076,PRA
1077,GPMT
1078,EDZ
1079,NBLX
1080,INT
1081,UMBF
1082,LPG
1083,SOHU
1084,FGEN
1085,MBUU
1086,ACHN
1087,HTLF
1088,SNN
1089,CUBI
1090,CADE
1091,AJRD
1092,APAM
1093,DXGE
1094,HLIT
1095,ST
1096,IPAR
1097,CRTO
1098,AKR
1099,ZUMZ
1100,OAK
1101,BRSS
1102,MLI
1103,EWD
1104,SSP
1105,BATRK
1106,STC
1107,IRT
1108,FFBC
1109,DLTH
1110,KTWO
1111,GOOS
1112,MRT
1113,EGRX
1114,EVV
1115,GDEN
1116,TOWN
1117,EEV
1118,EGHT
1119,HT
1120,EPAY
1121,ADSW
1122,VRA
1123,WLKP
1124,SNHY
1125,IOVA
1126,TEN
1127,LL
1128,BID
1129,OSUR
1130,AVT
1131,ATTO
1132,DAR
1133,PCH
1134,RMBS
1135,PRTK
1136,MLPI
1137,TAST
1138,KB
1139,OTEX
1140,FHB
1141,SANM
1142,SNV
1143,EUFN
1144,MOD
1145,NSH
1146,CLDT
1147,AIMT
1148,OSBC
1149,BRKL
1150,UNFI
1151,PFF
1152,SAH
1153,NVTA
1154,HZO
1155,TNK
1156,GSG
1157,SATS
1158,KANG
1159,SLGN
1160,IBKR
1161,VSM
1162,HMC
1163,VLP
1164,HOV
1165,BWP
1166,ACET
1167,ROBO
1168,DMRC
1169,CUTR
1170,AMCX
1171,CALD
1172,DXD
1173,NMM
1174,CQH
1175,INOV
1176,GOV
1177,BNFT
1178,IYE
1179,CSFL
1180,CFFN
1181,HSII
1182,TCMD
1183,HVT
1184,EWQ
1185,GOLD
1186,KEX
1187,SPYG
1188,OR
1189,XNCR
1190,B
1191,SCHN
1192,OMN
1193,HSON
1194,UBSI
1195,HEZU
1196,GVA
1197,EVTC
1198,SMCI
1199,FLXN
1200,DESP
1201,TGP
1202,VRP
1203,NFJ
1204,KRA
1205,TRCO
1206,CDXS
1207,MB
1208,LTXB
1209,VREX
1210,LM
1211,BITA
1212,GDOT
1213,NLS
1214,LSXMK
1215,NFEC
1216,COHU
1217,OPB
1218,BT
1219,EFR
1220,SPDW
1221,KEP
1222,GIL
1223,NEWM
1224,TYPE
1225,NVGS
1226,MCC
1227,MCY
1228,TWOU
1229,AZUL
1230,TCS
1231,EPC
1232,SRG
1233,CATY
1234,COLB
1235,GEF
1236,MPAA
1237,BPFH
1238,TDS
1239,SYNT
1240,COWN
1241,SKYW
1242,CONN
1243,EZPW
1244,GNL
1245,BXC
1246,RCI
1247,LFIN
1248,AERI
1249,BAK
1250,SEM
1251,REN
1252,CCU
1253,KPTI
1254,AVID
1255,HEP
1256,DNB
1257,AMID
1258,TBBK
1259,IVC
1260,ESND
1261,MTRX
1262,APLP
1263,EPOL
1264,SPWR
1265,SPYV
1266,TOT
1267,BDJ
1268,PGTI
1269,MDP
1270,WWE
1271,MYGN
1272,DEA
1273,MINI
1274,DGRO
1275,ETV
1276,NFG
1277,WSFS
1278,CNNE
1279,WCC
1280,BRC
1281,AAT
1282,ENR
1283,NSA
1284,SRRA
1285,NXEO
1286,VRTU
1287,COTV
1288,MMYT
1289,MEET
1290,CALM
1291,USAC
1292,LSCC
1293,PTGX
1294,WSR
1295,RWT
1296,ECPG
1297,MCRN
1298,SFL
1299,DCT
1300,CSTE
1301,BOFI
1302,QNST
1303,SIMO
1304,HRTG
1305,EUM
1306,IGF
1307,VNET
1308,UBSH
1309,CHRS
1310,KEM
1311,BWB
1312,BEDU
1313,CIB
1314,IIIN
1315,HFWA
1316,SCSC
1317,QADA
1318,SALT
1319,BHLB
1320,TSC
1321,STB
1322,LUNA
1323,FBC
1324,CLS
1325,PHK
1326,SFNC
1327,GBX
1328,DGRW
1329,VRS
1330,EPP
1331,EWM
1332,GTT
1333,PBA
1334,GMED
1335,VVI
1336,EGL
1337,VSI
1338,TU
1339,IBKC
1340,ACIW
1341,ADX
1342,PTCT
1343,TFSL
1344,ATNM
1345,RRGB
1346,HUD
1347,CECE
1348,IART
1349,CHU
1350,APTS
1351,STBZ
1352,WWW
1353,PRAA
1354,CLM
1355,COBZ
1356,RPT
1357,SCVL
1358,CORE
1359,CYD
1360,MYRG
1361,BANR
1362,HIFR
1363,XT
1364,MNR
1365,ORC
1366,SLF
1367,KL
1368,VSAT
1369,CHFC
1370,FUN
1371,SIGI
1372,ALKS
1373,CRAY
1374,GLDD
1375,LIQT
1376,AKCA
1377,CAE
1378,NUV
1379,HXL
1380,SPHD
1381,SWM
1382,OFG
1383,GLT
1384,PHG
1385,DUST
1386,MERC
1387,HEES
1388,CMO
1389,BXMX
1390,AMZA
1391,JKS
1392,UVV
1393,VNM
1394,EIGI
1395,SNBR
1396,DCO
1397,FLWS
1398,HYT
1399,FCPT
1400,EBIX
1401,NYRT
1402,ANAB
1403,SCG
1404,CBB
1405,STML
1406,HTGC
1407,TEP
1408,GBCI
1409,ERII
1410,RVT
1411,AINV
1412,FMS
1413,EMD
1414,CERS
1415,LIT
1416,NCI
1417,TLK
1418,SSYS
1419,GUNR
1420,HTH
1421,LKFN
1422,ANGO
1423,PKX
1424,SVM
1425,AEGN
1426,LE
1427,HAWK
1428,PAG
1429,PRIM
1430,CTMX
1431,RDUS
1432,FLRN
1433,CASH
1434,PINC
1435,EGIF
1436,SFBS
1437,SMPL
1438,FNKO
1439,CVRR
1440,DCM
1441,BMA
1442,GABC
1443,PCSB
1444,ERUS
1445,INST
1446,FDP
1447,BOJA
1448,EEQ
1449,EDIT
1450,TLRA
1451,BGY
1452,AB
1453,GAIA
1454,PRGS
1455,TRMK
1456,MSGN
1457,EFSC
1458,MD
1459,UVSP
1460,OCFC
1461,RADA
1462,PAM
1463,EZA
1464,CNCE
1465,CCRN
1466,RUBI
1467,BKE
1468,RHP
1469,ENVA
1470,QTNT
1471,CMRE
1472,EGAN
1473,ZGNX
1474,TPIC
1475,NEA
1476,TA
1477,FRTA
1478,PI
1479,FPE
1480,UCFC
1481,MNRO
1482,CWI
1483,FMBI
1484,ACLS
1485,ITCI
1486,VIVO
1487,TCAP
1488,EPR
1489,GEM
1490,EWS
1491,CRAI
1492,ORIT
1493,JASO
1494,GUT
1495,HCM
1496,MODN
1497,OUNZ
1498,CTSO
1499,KIE
1500,TX
1501,BSAC
1502,ALIM
1503,LILAK
1504,PTR
1505,ASUR
1506,UTG
1507,SSL
1508,HMN
1509,NTLA
1510,CHCT
1511,MSBI
1512,GNMK
1513,XES
1514,PMT
1515,APPS
1516,GOLF
1517,APU
1518,VYGR
1519,EBSB
1520,CENTA
1521,PSO
1522,AOD
1523,UIHC
1524,VCV
1525,E
1526,MIME
1527,RVNC
1528,NATI
1529,ACCO
1530,FEN
1531,OMAB
1532,VNOM
1533,TCPC
1534,IBTX
1535,DSPG
1536,FWONA
1537,GER
1538,QTRX
1539,ZEAL
1540,ATKR
1541,SJR
1542,SA
1543,BCOV
1544,ACBI
1545,CVBF
1546,ISCA
1547,NGVT
1548,BY
1549,LSXMA
1550,AGQ
1551,CHSP
1552,HF
1553,SASR
1554,AYR
1555,PGAL
1556,TVTY
1557,ATOM
1558,CURO
1559,KODK
1560,VDSI
1561,UBNK
1562,HAFC
1563,ATRA
1564,BOOM
1565,SPH
1566,GCAP
1567,VCRA
1568,BZH
1569,TCO
1570,DM
1571,QURE
1572,RTRX
1573,STAR
1574,WIFI
1575,FNDE
1576,WVE
1577,LTC
1578,BHBK
1579,ABDC
1580,BIF
1581,ASIX
1582,GMZ
1583,TEO
1584,WASH
1585,LMAT
1586,HMI
1587,SRT
1588,IMDZ
1589,BPY
1590,CBZ
1591,KIRK
1592,BSCK
1593,CDZI
1594,CRMD
1595,IPOA
1596,PIN
1597,RQI
1598,IDSY
1599,RWO
1600,AY
1601,CMD
1602,CIO
1603,LBAI
1604,NWE
1605,PLT
1606,HTM
1607,GOL
1608,ELF
1609,GNBC
1610,IBOC
1611,VEC
1612,WBK
1613,CSQ
1614,IIF
1615,NIB
1616,BRG
1617,PCMI
1618,AIR
1619,POL
1620,EBR
1621,HIIQ
1622,HASI
1623,CVI
1624,CPLP
1625,FOGO
1626,SPAB
1627,AWF
1628,BXG
1629,FBK
1630,SHYG
1631,ACC
1632,RELX
1633,CAMP
1634,ASPS
1635,RGS
1636,BNO
1637,ZIXI
1638,CGBD
1639,EWN
1640,BSF
1641,BPI
1642,KRO
1643,AOSL
1644,DSKE
1645,DGICA
1646,SILC
1647,GBDC
1648,IFGL
1649,OCSI
1650,TSG
1651,EURN
1652,SNLN
1653,NOA
1654,APVO
1655,CALX
1656,PLAB
1657,RARX
1658,AGYS
1659,RSO
1660,TGH
1661,CG
1662,EVA
1663,RPV
1664,TRST
1665,SYKE
1666,LBC
1667,FLIC
1668,ARDX
1669,ARR
1670,ADAP
1671,ATGE
1672,WHD
1673,LEXEA
1674,PID
1675,JPS
1676,FSB
1677,SPHQ
1678,CATO
1679,SGOL
1680,BOE
1681,FTS
1682,CCS
1683,CHUY
1684,MLNT
1685,CLB
1686,CTRN
1687,CIT
1688,UTI
1689,BGB
1690,CENT
1691,SPTN
1692,EQBK
1693,ACWX
1694,STKL
1695,KOP
1696,APOG
1697,MBIN
1698,HI
1699,PZA
1700,SSB
1701,LAYN
1702,ETY
1703,GLP
1704,ICLN
1705,ITRN
1706,MAIN
1707,CAFD
1708,AKTS
1709,RICK
1710,ENTA
1711,DJP
1712,IXC
1713,INDY
1714,FRGI
1715,SKY
1716,NSTG
1717,MOV
1718,HSEB
1719,GTS
1720,JRO
1721,CDMO
1722,KFY
1723,BCEI
1724,DFIN
1725,ESIO
1726,FLDM
1727,EVF
1728,IBDD
1729,NTG
1730,ZOES
1731,RMAX
1732,HRI
1733,LDL
1734,BIT
1735,MMI
1736,CEQP
1737,CRWS
1738,TCBK
1739,SNDX
1740,CLNC
1741,INGN
1742,GDV
1743,GSBC
1744,MTGE
1745,AGR
1746,ANIP
1747,FRN
1748,LQDT
1749,VMO
1750,CYOU
1751,FATE
1752,NWN
1753,PDVW
1754,CODI
1755,RDVY
1756,CRF
1757,IGR
1758,NANO
1759,TACO
1760,SPEM
1761,AMPH
1762,DOG
1763,HDNG
1764,HEQ
1765,NDLS
1766,ABCB
1767,BPMP
1768,CEN
1769,CYTK
1770,NTGR
1771,FONR
1772,RDWR
1773,JDST
1774,FTXO
1775,BGSF
1776,EMO
1777,CNA
1778,CRY
1779,SRLN
1780,LAUR
1781,AMBC
1782,BEL
1783,TSLX
1784,GBNK
1785,DON
1786,PVAC
1787,TWM
1788,OLBK
1789,EIM
1790,OZM
1791,AGIO
1792,SFE
1793,TRTX
1794,PHYS
1795,RUTH
1796,SRCE
1797,HURN
1798,UGAZ
1799,PSDO
1800,HABT
1801,CSS
1802,SRI
1803,WLDN
1804,MEI
1805,SBSI
1806,WSC
1807,QCRH
1808,CVTI
1809,JOE
1810,RMR
1811,CARA
1812,HIX
1813,SBCF
1814,TRTN
1815,NNBR
1816,PARR
1817,MLPA
1818,OSB
1819,SSTI
1820,ASA
1821,SPKE
1822,IVTY
1823,FRME
1824,CBPX
1825,TMV
1826,TUR
1827,NSSC
1828,NEO
1829,FPI
1830,FBNC
1831,DOVA
1832,SLRC
1833,CPF
1834,FNCL
1835,DSL
1836,HEWP
1837,MTBC
1838,NEON
1839,PBFX
1840,RCUS
1841,AMRC
1842,TOWR
1843,EGLE
1844,MTEM
1845,EGBN
1846,NOAH
1847,PEBO
1848,ODT
1849,LOB
1850,ETJ
1851,MCRI
1852,RTEC
1853,WMK
1854,IDT
1855,AHP
1856,WEB
1857,INSG
1858,SDIV
1859,TNP
1860,NGS
1861,CPSI
1862,SCPH
1863,GPRK
1864,TRNC
1865,FOR
1866,VLRS
1867,ASMB
1868,BSJJ
1869,CIR
1870,IPHS
1871,THR
1872,PWV
1873,PICO
1874,JRVR
1875,NBTB
1876,CMTL
1877,EHIC
1878,EWO
1879,IVAC
1880,KFRC
1881,MUC
1882,SMI
1883,CNOB
1884,GLAD
1885,UFCS
1886,TRS
1887,BBN
1888,DFRG
1889,NZF
1890,XOXO
1891,OMEX
1892,XENT
1893,EVM
1894,TCON
1895,VKI
1896,NX
1897,EWZS
1898,RECN
1899,EARN
1900,ATNX
1901,AVX
1902,PDFS
1903,TBK
1904,DWX
1905,AQN
1906,ARMO
1907,CHIQ
1908,FIBK
1909,DEUS
1910,EDD
1911,GPX
1912,MCA
1913,QTNA
1914,CHUBA
1915,SRV
1916,ETO
1917,FCG
1918,CRCM
1919,BLCM
1920,FFIN
1921,RGNX
1922,KE
1923,ASYS
1924,APEI
1925,HYGS
1926,NITE
1927,EIGR
1928,ATRC
1929,EMLP
1930,APLS
1931,HZN
1932,UEIC
1933,AQ
1934,HTBI
1935,IDN
1936,KOF
1937,LYTS
1938,PHI
1939,RIF
1940,SPHB
1941,CTR
1942,MFL
1943,YINN
1944,SHM
1945,VKQ
1946,SRDX
1947,OCUL
1948,WSBC
1949,PFBC
1950,CARG
1951,EPZM
1952,LX
1953,AIMC
1954,MFNC
1955,CHI
1956,SCHH
1957,SIVR
1958,UTF
1959,IBND
1960,GHY
1961,HMTV
1962,ATRO
1963,CFRX
1964,AZZ
1965,DX
1966,BLX
1967,SXCP
1968,CYBE
1969,EFC
1970,ACP
1971,MSF
1972,NHF
1973,PHD
1974,INB
1975,TDTT
1976,ECOL
1977,SHEN
1978,HNI
1979,TIER
1980,FSS
1981,NXRT
1982,QQQX
1983,FRPH
1984,GUSH
1985,ISD
1986,NUM
1987,NVG
1988,PHT
1989,PRTS
1990,TYG
1991,VBTX
1992,FRO
1993,HY
1994,OTTR
1995,WGP
1996,CTO
1997,BIZD
1998,EPHE
1999,TBPH
2000,WPP
2001,ANCX
2002,PAHC
2003,FNDX
2004,AOI
2005,ALDX
2006,AMU
2007,CKH
2008,IFN
2009,RST
2010,RYE
2011,TLI
2012,TREC
2013,MATX
2014,ANGL
2015,HCKT
2016,BOMN
2017,WSBF
2018,PKE
2019,JRS
2020,FFG
2021,MAXR
2022,CSII
2023,OXM
2024,BSJI
2025,FXP
2026,PFLT
2027,CMT
2028,PKD
2029,QYLD
2030,FNHC
2031,AVHI
2032,BPK
2033,JDD
2034,PFXF
2035,HTBK
2036,CLXT
2037,DDM
2038,GTY
2039,BFZ
2040,HMST
2041,FFIC
2042,CPL
2043,ECOM
2044,IMKTA
2045,SPSM
2046,NRK
2047,KSA
2048,CWAY
2049,AUPH
2050,AVK
2051,BSJK
2052,NK
2053,NMZ
2054,OILD
2055,PTY
2056,SGY
2057,CECO
2058,TR
2059,LCUT
2060,IDOG
2061,BWX
2062,BCX
2063,GIM
2064,GPM
2065,HSTM
2066,UMH
2067,FDUS
2068,RENX
2069,CIVB
2070,XSLV
2071,OFIX
2072,KVHI
2073,TTGT
2074,HQH
2075,ARCB
2076,CAF
2077,CAI
2078,DXJS
2079,OIA
2080,OPESU
2081,PCK
2082,TEI
2083,TTT
2084,VHC
2085,BKF
2086,VHI
2087,PUK
2088,UBFO
2089,CNXN
2090,JAX
2091,SONA
2092,ARA
2093,HAYN
2094,TPB
2095,LABL
2096,CII
2097,DWM
2098,SPMD
2099,SPLG
2100,THQ
2101,EZM
2102,MCR
2103,BTO
2104,FFWM
2105,BLOK
2106,BIP
2107,CAC
2108,ANDE
2109,WIW
2110,CARO
2111,MCS
2112,GOOD
2113,CIA
2114,CLW
2115,AMRK
2116,CCD
2117,CEM
2118,COOL
2119,DGII
2120,GMRE
2121,IHD
2122,KRYS
2123,PEY
2124,SLGL
2125,VLGEA
2126,JO
2127,FNDB
2128,EOI
2129,KYE
2130,QAI
2131,GRC
2132,OLP
2133,PZN
2134,SYBT
2135,FTF
2136,HWKN
2137,PICB
2138,GFF
2139,LRGF
2140,CHY
2141,LEO
2142,CEVA
2143,FLY
2144,AGX
2145,XOMA
2146,SMP
2147,BSE
2148,EFZ
2149,GNK
2150,HCCI
2151,HQL
2152,IGI
2153,ILPT
2154,KIDS
2155,PFN
2156,CHW
2157,EIG
2158,BST
2159,STK
2160,IBCP
2161,DNP
2162,INSW
2163,PCN
2164,IBDL
2165,CHT
2166,SLD
2167,EAD
2168,MBWM
2169,ETW
2170,RCKY
2171,KAMN
2172,ZIV
2173,USM
2174,TDW
2175,NCOM
2176,NAD
2177,OOMA
2178,PGC
2179,MSL
2180,EPV
2181,UVE
2182,BTZ
2183,DPG
2184,FFC
2185,FPF
2186,FXN
2187,IBLN
2188,MBOT
2189,MIXT
2190,NFBK
2191,PCI
2192,VTA
2193,SHG
2194,MQT
2195,APTO
2196,ABCD
2197,CORR
2198,FXR
2199,REV
2200,ARGT
2201,MRSN
2202,CBA
2203,SYX
2204,GHM
2205,GWX
2206,GCO
2207,FISI
2208,VCYT
2209,CGEN
2210,FM
2211,JPC
2212,MOFG
2213,IPKW
2214,RNST
2215,ULBI
2216,SCHC
2217,FBMS
2218,KELYA
2219,ACRE
2220,IMOS
2221,HFRO
2222,SPOK
2223,ABTX
2224,BYBK
2225,CAMT
2226,DCF
2227,DGLD
2228,DGS
2229,HMLP
2230,MCBC
2231,MDIV
2232,NIM
2233,NRP
2234,TBF
2235,THFF
2236,YIN
2237,GDP
2238,PRFT
2239,PFS
2240,MPA
2241,DCUD
2242,ECON
2243,HYLB
2244,DEM
2245,BLBD
2246,NCNA
2247,BSCM
2248,AMSC
2249,RCKT
2250,VNQI
2251,AOM
2252,FGM
2253,GLO
2254,RWM
2255,LEMB
2256,GAIN
2257,JRI
2258,LRN
2259,RAVN
2260,GXG
2261,SIFI
2262,ARDC
2263,CEV
2264,COPX
2265,ECC
2266,EFT
2267,EHI
2268,ETG
2269,FSD
2270,HLG
2271,JGH
2272,KMM
2273,KNOP
2274,LION
2275,MMAC
2276,MYJ
2277,TRK
2278,VRTV
2279,WKHS
2280,TSI
2281,CLLS
2282,CTBI
2283,REMX
2284,FVD
2285,HAWX
2286,RFDA
2287,BATRA
2288,KIO
2289,BSRR
2290,CORI
2291,EDUC
2292,SOR
2293,FDEF
2294,PSLV
2295,ESXB
2296,FLXS
2297,VALU
2298,HACK
2299,MYE
2300,CWEB
2301,PMF
2302,RLGT
2303,FC
2304,NC
2305,APT
2306,EWX
2307,EVI
2308,ALLT
2309,BANX
2310,BFK
2311,CANE
2312,CEA
2313,DCPH
2314,HBB
2315,HOFT
2316,HYZD
2317,ICLK
2318,IGA
2319,IIM
2320,ISTR
2321,KBAL
2322,LNDC
2323,NAN
2324,NDP
2325,NTRSP
2326,NWPX
2327,PRCP
2328,RM
2329,SYRS
2330,UTL
2331,WNEB
2332,ZEUS
2333,MVF
2334,ERM
2335,DKT
2336,EOS
2337,NEWT
2338,HBMD
2339,REIS
2340,SPXX
2341,SPNE
2342,FORR
2343,NTP
2344,STRL
2345,MFSF
2346,BLCN
2347,MRUS
2348,RILY
2349,RUSL
2350,DBL
2351,MUI
2352,EPU
2353,TAX
2354,RJA
2355,NIE
2356,TLTE
2357,ASG
2358,ACFC
2359,HBNC
2360,CUE
2361,INFU
2362,CHAD
2363,PCEF
2364,MGNX
2365,TDIV
2366,BSCO
2367,AMEH
2368,STN
2369,IBMJ
2370,HYLD
2371,JTPY
2372,DCOM
2373,AMOT
2374,BRT
2375,BWFG
2376,CPER
2377,CSBK
2378,CSV
2379,DNI
2380,DSM
2381,EBF
2382,EVT
2383,FMBH
2384,FMO
2385,FOF
2386,GEOS
2387,HNP
2388,IBMI
2389,IDE
2390,INBK
2391,KALV
2392,KED
2393,LIND
2394,MCRB
2395,MMT
2396,MMU
2397,PXH
2398,RCS
2399,SZC
2400,VGM
2401,VIXM
2402,ZSL
2403,DRV
2404,DSU
2405,MRAM
2406,KALA
2407,BCBP
2408,IQI
2409,SPYD
2410,SRTY
2411,QINC
2412,NP
2413,PSTI
2414,BHB
2415,FVE
2416,LILA
2417,EELV
2418,IEP
2419,MJ
2420,LMNR
2421,AGLE
2422,RYTM
2423,CELH
2424,WEYS
2425,CHMI
2426,MOTI
2427,SCIF
2428,DMF
2429,RDIV
2430,ALOT
2431,AFB
2432,PDBC
2433,CBMG
2434,ENY
2435,GOF
2436,RBB
2437,VOXX
2438,JFR
2439,AOK
2440,BSM
2441,BTAI
2442,CVCY
2443,CVY
2444,CWCO
2445,DBGR
2446,DGRE
2447,EOCC
2448,FEU
2449,FREL
2450,GLL
2451,IBMH
2452,IQDF
2453,IRL
2454,JCAP
2455,JTA
2456,KF
2457,KINS
2458,KTF
2459,MPX
2460,MRLN
2461,MVC
2462,NAC
2463,NBW
2464,NETE
2465,ORAN
2466,PCYG
2467,PDT
2468,PML
2469,PSP
2470,QIWI
2471,RFTA
2472,RMT
2473,SJB
2474,USAK
2475,VERI
2476,WHG
2477,PGZ
2478,CDC
2479,FENC
2480,CTBB
2481,CYB
2482,ANIK
2483,TG
2484,XPLR
2485,LDRS
2486,BUSE
2487,HONE
2488,HDMV
2489,IDLV
2490,TOTL
2491,IESC
2492,SMBC
2493,VCTR
2494,ZTR
2495,JHMM
2496,UBIO
2497,MSFG
2498,UBA
2499,BREW
2500,PERY
2501,ORM
2502,FCBC
2503,MHO
2504,PCOM
2505,HDG
2506,FEMS
2507,SPTM
2508,FNDA
2509,INF
2510,SCM
2511,AGC
2512,AIRG
2513,BBC
2514,BFOR
2515,BGH
2516,BGR
2517,BGX
2518,BSJM
2519,BUI
2520,BWINB
2521,CATB
2522,CEE
2523,CHFN
2524,CNTY
2525,DES
2526,EDIV
2527,EFF
2528,EFU
2529,EGPT
2530,ERC
2531,ETB
2532,FIV
2533,FRSH
2534,HEAR
2535,HYI
2536,IHDG
2537,IOR
2538,IVH
2539,KEMQ
2540,KREF
2541,MAV
2542,MCN
2543,MLPX
2544,MRCC
2545,MTSC
2546,MUS
2547,MYN
2548,NEV
2549,PFO
2550,PMX
2551,POWL
2552,PWOD
2553,SEED
2554,SGDJ
2555,SGF
2556,SHYD
2557,SOJC
2558,TGLS
2559,TITN
2560,TLYS
2561,VDE
2562,VXZ
2563,PCYO
2564,SNOA
2565,CYRX
2566,FDVV
2567,GSL
2568,ELD
2569,DGP
2570,TRC
2571,KNDI
2572,FTSL
2573,SPTL
2574,FBNK
2575,FNI
2576,USDU
2577,DXR
2578,RDHL
2579,PFSW
2580,MUJ
2581,HYEM
2582,SLX
2583,CLAR
2584,MNA
2585,PLOW
2586,TWIN
2587,SYNL
2588,RNP
2589,DMO
2590,KRMA
2591,FNWB
2592,JTD
2593,LFGR
2594,TSBK
2595,RFFC
2596,NGHCN
2597,VPG
2598,BGT
2599,PKB
2600,REET
2601,MGU
2602,VSEC
2603,FGD
2604,CAPL
2605,SP
2606,STBA
2607,TBNK
2608,BFIN
2609,DKL
2610,SPFF
2611,ACGLP
2612,ACH
2613,AKP
2614,AMBR
2615,ARKR
2616,BLW
2617,BSCJ
2618,BSCL
2619,BSL
2620,BTT
2621,CBTX
2622,CET
2623,CVON
2624,DOL
2625,DTW
2626,DUC
2627,DUKH
2628,DVP
2629,DXJF
2630,EUSC
2631,EVJ
2632,GENC
2633,GRX
2634,HCOM
2635,IAE
2636,IBDQ
2637,IOTS
2638,JCE
2639,JCO
2640,JNP
2641,KLDW
2642,MFM
2643,MQY
2644,MYI
2645,OVID
2646,OXFD
2647,PBIP
2648,PCTI
2649,PFNX
2650,PHDG
2651,PLSE
2652,PMM
2653,RBCAA
2654,RVP
2655,SAL
2656,SIL
2657,SUNS
2658,VSMV
2659,WF
2660,XRM
2661,JHI
2662,IDX
2663,FCVT
2664,IBDM
2665,PFL
2666,FIDU
2667,QQQC
2668,BCH
2669,FXU
2670,USRT
2671,GNR
2672,TLP
2673,MDYV
2674,SGG
2675,CSBR
2676,PXSG
2677,SPNS
2678,LBJ
2679,GF
2680,FF
2681,MBTF
2682,UGA
2683,IMTM
2684,GCH
2685,GWRS
2686,PZE
2687,PCF
2688,PFBI
2689,CCBG
2690,NYNY
2691,GOVNI
2692,DBV
2693,SSWN
2694,SMN
2695,ENFC
2696,BMRC
2697,XPH
2698,FXZ
2699,PDI
2700,FBZ
2701,AC
2702,PEO
2703,CIBR
2704,REW
2705,PXR
2706,DWCH
2707,PUB
2708,ESSA
2709,FFNW
2710,CELC
2711,OPY
2712,TIPX
2713,BOCH
2714,DXB
2715,SVA
2716,CMSA
2717,USCI
2718,SPLB
2719,XONE
2720,WTBA
2721,DL
2722,ULH
2723,ACHV
2724,ACT
2725,AIRR
2726,ALT
2727,ARD
2728,AROW
2729,AZRE
2730,BAB
2731,BANF
2732,BDCS
2733,BDGE
2734,BELFB
2735,BHK
2736,BRF
2737,BTAL
2738,BVX
2739,CBH
2740,CCA
2741,CH
2742,CHMG
2743,CMCL
2744,COE
2745,CSTR
2746,CZFC
2747,DFEN
2748,DFP
2749,DIAX
2750,DIVY
2751,DOD
2752,DOO
2753,DRIO
2754,EDI
2755,EFL
2756,ERA
2757,FAM
2758,FDEU
2759,FENY
2760,FIF
2761,FLTR
2762,FNDF
2763,FRBA
2764,GBLI
2765,GLIBP
2766,GOAU
2767,GPP
2768,GSIE
2769,HSEA
2770,IBD
2771,JLS
2772,JMBA
2773,KBWB
2774,KEQU
2775,KSM
2776,LDP
2777,LGCYO
2778,LGI
2779,LORL
2780,MHH
2781,MLR
2782,MNP
2783,MTT
2784,MUH
2785,MXF
2786,MYF
2787,MZF
2788,NHS
2789,NIQ
2790,NODK
2791,NTIC
2792,NXQ
2793,OPP
2794,PAR
2795,PBSK
2796,PGF
2797,PNI
2798,PYN
2799,RDCM
2800,RILYG
2801,SBI
2802,SDOG
2803,SGC
2804,SMBK
2805,SOJB
2806,SPA
2807,SPKEP
2808,SRS
2809,STRS
2810,SYLD
2811,TCGP
2812,TECS
2813,TIG
2814,TMF
2815,TPGE
2816,TST
2817,TVC
2818,VRIG
2819,VTN
2820,VUSE
2821,WIA
2822,LMRK
2823,PBBI
2824,BOIL
2825,FTRPR
2826,FWP
2827,YORW
2828,SENEA
2829,TI
2830,BMTC
2831,EML
2832,CPTA
2833,XMLV
2834,EBAYL
2835,BBU
2836,PVI
2837,SNHNI
2838,ALBO
2839,GASL
2840,URGN
2841,MSB
2842,NRCIA
2843,JYNT
2844,SCHK
2845,GRBK
2846,NCA
2847,FNLC
2848,MBCN
2849,FILL
2850,NKSH
2851,AMNB
2852,UYG
2853,CHA
2854,CHSCM
2855,CHAU
2856,GPJA
2857,GLF
2858,CEZ
2859,LAND
2860,CHSCN
2861,HBANO
2862,YYY
2863,EXT
2864,MILN
2865,CFFI
2866,AIEQ
2867,AOR
2868,ATXI
2869,UCI
2870,DGZ
2871,GURU
2872,ISG
2873,SHBI
2874,RYF
2875,GFN
2876,JETS
2877,CYAD
2878,FFTY
2879,UFPT
2880,VIA
2881,WIRE
2882,BLMT
2883,CLPR
2884,EMCG
2885,TCFC
2886,DAX
2887,GBL
2888,IGN
2889,BRID
2890,PGHY
2891,AUBN
2892,OMP
2893,BWZ
2894,OVBC
2895,ADRE
2896,AE
2897,AFT
2898,AHPI
2899,ALTY
2900,AMBCW
2901,ARCT
2902,ASPN
2903,BCRH
2904,BCTF
2905,BFY
2906,BKT
2907,BLPH
2908,BNY
2909,BSCQ
2910,BSET
2911,BSJL
2912,BSJN
2913,BYM
2914,CART
2915,CASS
2916,CATH
2917,CHIX
2918,CHSCL
2919,CMTA
2920,CORN
2921,CPAC
2922,CSD
2923,CTS
2924,CTU
2925,CTW
2926,CTY
2927,CULP
2928,CZWI
2929,DBEM
2930,DFBG
2931,DFNL
2932,DIAL
2933,DINT
2934,DLA
2935,DRN
2936,DTY
2937,DWIN
2938,EAE
2939,EBTC
2940,EGF
2941,EIRL
2942,EMCI
2943,EMP
2944,ENJ
2945,ESGE
2946,ESP
2947,EVY
2948,FBSS
2949,FCCY
2950,FCT
2951,FDL
2952,FDUSL
2953,FEMB
2954,FFR
2955,FINX
2956,FLC
2957,FLQE
2958,FMAO
2959,FMNB
2960,FNBG
2961,FRA
2962,FSTR
2963,FT
2964,FTLS
2965,FXO
2966,GAL
2967,GDL
2968,GEK
2969,GFA
2970,GGM
2971,GGT
2972,GII
2973,GLQ
2974,GNE
2975,GSBD
2976,GVAL
2977,GXF
2978,HESM
2979,HFBC
2980,HIPS
2981,HNW
2982,HSGX
2983,HTD
2984,HUSE
2985,HUSV
2986,IAT
2987,IBKCP
2988,IBMG
2989,ICAN
2990,ICOL
2991,IDHQ
2992,IEZ
2993,IF
2994,IFLY
2995,IIN
2996,INCO
2997,INDL
2998,INDUU
2999,IRMD
3000,JHA
3001,JJC
3002,JJG
3003,JPT
3004,JRJC
3005,JSYN
3006,KBWD
3007,KBWY
3008,KEN
3009,LAC
3010,LCM
3011,LEVB
3012,LFVN
3013,LMB
3014,MCB
3015,MGIC
3016,MHI
3017,MLN
3018,MLVF
3019,MSP
3020,MUA
3021,MVV
3022,MYD
3023,MZA
3024,NAII
3025,NGE
3026,NID
3027,NJV
3028,NORW
3029,NXJ
3030,NXN
3031,NYH
3032,OCIP
3033,OMAA
3034,ONTL
3035,OPNT
3036,PBCTP
3037,PDN
3038,PERI
3039,PIY
3040,PKOH
3041,PPIH
3042,PPX
3043,PRME
3044,PSCM
3045,PSK
3046,PST
3047,PUTW
3048,PXE
3049,PXF
3050,PXI
3051,QABA
3052,QDF
3053,REK
3054,RLY
3055,RNN
3056,RZB
3057,SBNA
3058,SILJ
3059,SKF
3060,SKYS
3061,SLDA
3062,SMB
3063,SMIT
3064,SMMF
3065,SOCL
3066,SPLP
3067,SRLP
3068,STRT
3069,TANNI
3070,TBB
3071,TDA
3072,TDE
3073,TDF
3074,TESS
3075,TETF
3076,THW
3077,TPOR
3078,TSLF
3079,TTP
3080,TWMC
3081,UCBA
3082,UFI
3083,URTY
3084,USAU
3085,UZA
3086,VCO
3087,VGI
3088,VJET
3089,VPV
3090,VTRB
3091,VVPR
3092,WEAT
3093,WHF
3094,WHLRP
3095,XENE
3096,XSOE
3097,YECO
3098,YLCO
3099,ZF
3100,ZNH
3101,MTLS
3102,CSSE
3103,AMCA
3104,BGIO
3105,ASHS
3106,DEEF
3107,HGH
3108,KOIN
3109,NGHCO
3110,PRTO
3111,FVAL
3112,SFST
3113,DTH
3114,PEJ
3115,RA
3116,SHI
3117,GCC
3118,LCNB
3119,PBS
3120,SSG
3121,ISF
3122,SGZA
3123,EUXL
3124,FRI
3125,DPST
3126,ROAM
3127,UG
3128,GENY
3129,RIGS
3130,SMDD
3131,SBBX
3132,WLFC
3133,BSWN
3134,EVBN
3135,FEUZ
3136,FALN
3137,GCBC
3138,PEK
3139,SOHOB
3140,DTJ
3141,FBIZ
3142,BZF
3143,AMSWA
3144,JPEM
3145,RZA
3146,PMR
3147,CRAK
3148,FINU
3149,CXH
3150,FNG
3151,FVC
3152,ROOF
3153,OUSA
3154,IRCP
3155,RUSHB
3156,CMCT
3157,JJU
3158,FYT
3159,PBJ
3160,LWAY
3161,AGZD
3162,FCCO
3163,SLCT
3164,WTFCM
3165,FLEE
3166,OFED
3167,EES
3168,LMHB
3169,NYMTP
3170,EDOG
3171,KORU
3172,SCIN
3173,PILL
3174,TPVG
3175,VDTH
3176,ICAD
3177,AEH
3178,DEW
3179,DVYE
3180,NRIM
3181,EBMT
3182,ICBK
3183,BFS
3184,EMFM
3185,FGBI
3186,PEBK
3187,PVBC
3188,PYT
3189,SBFG
3190,TAC
3191,TCI
3192,WSKY
3193,AAMC
3194,ABE
3195,ACGLO
3196,ACNB
3197,ACSF
3198,ACU
3199,ACV
3200,ADRA
3201,ADRD
3202,ADRU
3203,ADZ
3204,AEB
3205,AED
3206,AEK
3207,AEUA
3208,AFC
3209,AFHBL
3210,AFK
3211,AFTY
3212,AGA
3213,AGD
3214,AGF
3215,AGGE
3216,AGGP
3217,AGIIL
3218,AGNCB
3219,AGNCN
3220,AGND
3221,AHPA
3222,AHPAU
3223,AIF
3224,AINC
3225,AIRT
3226,AIW
3227,AIY
3228,AJX
3229,AJXA
3230,ALCO
3231,ALD
3232,ALPN
3233,AMOV
3234,AMRB
3235,AMUB
3236,ANCB
3237,APB
3238,APDN
3239,APF
3240,ARL
3241,ARTNA
3242,ASEA
3243,ASET
3244,ASFI
3245,ASHX
3246,ASPU
3247,ASRVP
3248,ATAC
3249,ATACU
3250,ATEC
3251,ATLC
3252,ATLO
3253,ATMP
3254,ATTU
3255,ATV
3256,AUDC
3257,AVNW
3258,AXJV
3259,AXR
3260,AYT
3261,BAF
3262,BAL
3263,BALB
3264,BANFP
3265,BAR
3266,BBF
3267,BBK
3268,BBP
3269,BBRC
3270,BCAC
3271,BCACU
3272,BCD
3273,BCI
3274,BCLI
3275,BCM
3276,BCV
3277,BDCZ
3278,BDD
3279,BDL
3280,BDRY
3281,BEF
3282,BELFA
3283,BEP
3284,BFIT
3285,BFO
3286,BFRA
3287,BGCA
3288,BHAC
3289,BHACU
3290,BHV
3291,BIBL
3292,BICK
3293,BIS
3294,BJK
3295,BJO
3296,BJZ
3297,BKEPP
3298,BKJ
3299,BKK
3300,BKN
3301,BKSC
3302,BLE
3303,BLES
3304,BLFS
3305,BLH
3306,BLHY
3307,BLJ
3308,BLNG
3309,BLNK
3310,BLNKW
3311,BME
3312,BMLP
3313,BMRA
3314,BNDC
3315,BNJ
3316,BNTC
3317,BOFIL
3318,BOKFL
3319,BOM
3320,BOON
3321,BOS
3322,BOTJ
3323,BPFHP
3324,BPFHW
3325,BPOPM
3326,BPOPN
3327,BQH
3328,BRAC
3329,BRACU
3330,BRPA
3331,BRPAU
3332,BSCI
3333,BSCN
3334,BSCP
3335,BSCR
3336,BSD
3337,BSJO
3338,BSJP
3339,BTA
3340,BTEC
3341,BUY
3342,BUYN
3343,BUZ
3344,BVAL
3345,BVXV
3346,BWG
3347,BWINA
3348,BYLD
3349,BYSI
3350,BZM
3351,BZQ
3352,CACG
3353,CAFE
3354,CALL
3355,CAPR
3356,CARV
3357,CARZ
3358,CATS
3359,CATYW
3360,CBAN
3361,CBFV
3362,CBND
3363,CBON
3364,CBSHP
3365,CCNE
3366,CCOR
3367,CDL
3368,CDMOP
3369,CEW
3370,CEY
3371,CFBI
3372,CFBK
3373,CGO
3374,CGW
3375,CHEP
3376,CHGX
3377,CHIE
3378,CHII
3379,CHIM
3380,CHN
3381,CHOC
3382,CHSCO
3383,CHSCP
3384,CIC
3385,CID
3386,CIL
3387,CINR
3388,CIVBP
3389,CIX
3390,CIZ
3391,CIZN
3392,CJNK
3393,CKX
3394,CLFD
3395,CLGN
3396,CLRG
3397,CLYH
3398,CMDT
3399,CMFN
3400,CMSSU
3401,CN
3402,CNAC
3403,CNACU
3404,CNCR
3405,CNHX
3406,CNXT
3407,CNY
3408,CODA
3409,CODX
3410,COHN
3411,COM
3412,COMB
3413,COMG
3414,COMT
3415,COW
3416,COWB
3417,COWNZ
3418,CPHC
3419,CPI
3420,CPTAG
3421,CPTAL
3422,CROP
3423,CRT
3424,CSA
3425,CSB
3426,CSF
3427,CSML
3428,CSPI
3429,CSWC
3430,CSWCL
3431,CTDD
3432,CTNN
3433,CTRV
3434,CTX
3435,CUBS
3436,CUMB
3437,CUO
3438,CUPM
3439,CUT
3440,CVLY
3441,CVM
3442,CVR
3443,CWBC
3444,CWS
3445,CYCCP
3446,CZNC
3447,DAC
3448,DAUD
3449,DBAP
3450,DBAW
3451,DBB
3452,DBBR
3453,DBE
3454,DBEZ
3455,DBKO
3456,DBMX
3457,DBRT
3458,DBS
3459,DBUK
3460,DCHF
3461,DCNG
3462,DDBI
3463,DDF
3464,DDG
3465,DDP
3466,DDT
3467,DEMG
3468,DESC
3469,DEUR
3470,DEX
3471,DFBHU
3472,DFVS
3473,DGBP
3474,DGICB
3475,DGRS
3476,DHVW
3477,DIRT
3478,DISCB
3479,DIV
3480,DIVA
3481,DIVC
3482,DJCI
3483,DJD
3484,DJPY
3485,DLBR
3486,DLHC
3487,DMB
3488,DMLP
3489,DMRI
3490,DMRM
3491,DMRS
3492,DNO
3493,DOGS
3494,DOTA
3495,DOTAU
3496,DPK
3497,DRD
3498,DRUA
3499,DRW
3500,DSLV
3501,DSUM
3502,DTF
3503,DTQ
3504,DTUS
3505,DUSA
3506,DUSL
3507,DVYA
3508,DVYL
3509,DWAC
3510,DWAT
3511,DWCR
3512,DWFI
3513,DWLD
3514,DWLV
3515,DWPP
3516,DWTR
3517,DZK
3518,DZSI
3519,EAB
3520,EACQ
3521,EACQU
3522,EAGL
3523,EAGLU
3524,EAI
3525,EBND
3526,ECCA
3527,ECCB
3528,ECCY
3529,ECCZ
3530,ECF
3531,ECNS
3532,EDBI
3533,EDF
3534,EDOW
3535,EEA
3536,EEB
3537,EEH
3538,EEI
3539,EEMD
3540,EEMO
3541,EEMS
3542,EFAS
3543,EFBI
3544,EFFE
3545,EFO
3546,EFOI
3547,EHT
3548,EIA
3549,EIO
3550,EIP
3551,EIV
3552,EKAR
3553,ELC
3554,ELEC
3555,ELECU
3556,ELJ
3557,ELLO
3558,ELMD
3559,ELON
3560,ELU
3561,EMAG
3562,EMBH
3563,EMBU
3564,EMCF
3565,EMEM
3566,EMF
3567,EMI
3568,EMIF
3569,EMJ
3570,EMTY
3571,EMXC
3572,ENFR
3573,ENO
3574,ENTR
3575,ENX
3576,EOT
3577,EPIX
3578,EPS
3579,EQAL
3580,EQFN
3581,EQLT
3582,EQRR
3583,EQWM
3584,EQWS
3585,ERH
3586,ERO
3587,ERYP
3588,ESBA
3589,ESBK
3590,ESCA
3591,ESGF
3592,ESGL
3593,ESGN
3594,ESGS
3595,ESGW
3596,ESQ
3597,ETHO
3598,ETX
3599,EUDG
3600,EUFL
3601,EUFX
3602,EUMV
3603,EUO
3604,EURL
3605,EVG
3606,EVN
3607,EVO
3608,EVP
3609,EWEM
3610,EWK
3611,EWRE
3612,EWSC
3613,EWV
3614,EXD
3615,EZJ
3616,EZT
3617,FAAR
3618,FAB
3619,FAN
3620,FAT
3621,FAUS
3622,FBIOP
3623,FCA
3624,FCAN
3625,FCEF
3626,FCO
3627,FCOM
3628,FDBC
3629,FDD
3630,FDIV
3631,FDLO
3632,FDM
3633,FDMO
3634,FDRR
3635,FDTS
3636,FEIM
3637,FEM
3638,FEO
3639,FEP
3640,FFA
3641,FFBCW
3642,FFBW
3643,FFIU
3644,FHK
3645,FHY
3646,FIDI
3647,FINZ
3648,FISK
3649,FITBI
3650,FIVA
3651,FJP
3652,FKO
3653,FKU
3654,FLAG
3655,FLAU
3656,FLAX
3657,FLBR
3658,FLCA
3659,FLCH
3660,FLCO
3661,FLEH
3662,FLFR
3663,FLGB
3664,FLGR
3665,FLGT
3666,FLHK
3667,FLIN
3668,FLIO
3669,FLIY
3670,FLJH
3671,FLJP
3672,FLKR
3673,FLLV
3674,FLM
3675,FLMB
3676,FLMI
3677,FLMX
3678,FLN
3679,FLQD
3680,FLQG
3681,FLQH
3682,FLRT
3683,FLRU
3684,FLSW
3685,FLTW
3686,FMAT
3687,FMDG
3688,FMF
3689,FMK
3690,FMN
3691,FMY
3692,FNCB
3693,FNDC
3694,FNGD
3695,FNK
3696,FNTE
3697,FNTEU
3698,FOIL
3699,FONE
3700,FPA
3701,FPEI
3702,FQAL
3703,FRD
3704,FSAC
3705,FSACU
3706,FSBC
3707,FSBW
3708,FSFG
3709,FSTA
3710,FTA
3711,FTAG
3712,FTEO
3713,FTGC
3714,FTHI
3715,FTLB
3716,FTRI
3717,FTW
3718,FTXD
3719,FTXG
3720,FTXH
3721,FTXL
3722,FTXN
3723,FTXR
3724,FUD
3725,FUE
3726,FUNC
3727,FUND
3728,FUSB
3729,FUTY
3730,FUV
3731,FV
3732,FVL
3733,FWDB
3734,FWDI
3735,FXD
3736,FXG
3737,FYC
3738,GAINM
3739,GAINN
3740,GAINO
3741,GAM
3742,GASX
3743,GAZB
3744,GBAB
3745,GBB
3746,GBLIL
3747,GCE
3748,GCV
3749,GDO
3750,GDXS
3751,GDXX
3752,GECCL
3753,GECCM
3754,GFED
3755,GFNSL
3756,GFY
3757,GGO
3758,GGZ
3759,GHII
3760,GHS
3761,GHYB
3762,GIG
3763,GILT
3764,GJH
3765,GJO
3766,GJP
3767,GJR
3768,GJS
3769,GJT
3770,GJV
3771,GLADN
3772,GLBZ
3773,GLDI
3774,GLU
3775,GLV
3776,GMFL
3777,GMLPP
3778,GMOM
3779,GMTA
3780,GNRX
3781,GNTY
3782,GOEX
3783,GOODM
3784,GOODO
3785,GOODP
3786,GPAQ
3787,GPAQU
3788,GPIC
3789,GRES
3790,GRF
3791,GRI
3792,GRNB
3793,GRR
3794,GRWN
3795,GSB
3796,GSC
3797,GSEU
3798,GSH
3799,GSHT
3800,GSHTU
3801,GSIT
3802,GSJY
3803,GSP
3804,GSSC
3805,GTYHU
3806,GULF
3807,GWGH
3808,GYB
3809,GYC
3810,GYLD
3811,GYRO
3812,GZT
3813,HACW
3814,HAHA
3815,HAO
3816,HAP
3817,HAUD
3818,HBANN
3819,HBCP
3820,HBK
3821,HCAC
3822,HCAPZ
3823,HCOR
3824,HDAW
3825,HDEF
3826,HDLV
3827,HEBT
3828,HECO
3829,HEVY
3830,HEWC
3831,HEWI
3832,HEWL
3833,HEWU
3834,HEWW
3835,HEWY
3836,HFBL
3837,HFXE
3838,HFXI
3839,HFXJ
3840,HGI
3841,HHYX
3842,HIE
3843,HILO
3844,HJPX
3845,HMG
3846,HMNF
3847,HMOP
3848,HMTA
3849,HNDL
3850,HNNA
3851,HOML
3852,HONR
3853,HOVNP
3854,HPF
3855,HPI
3856,HPS
3857,HQBD
3858,HQCL
3859,HRZN
3860,HSCZ
3861,HSPX
3862,HTFA
3863,HTGX
3864,HTRB
3865,HTUS
3866,HUNTU
3867,HURC
3868,HVBC
3869,HWBK
3870,HYAC
3871,HYACU
3872,HYB
3873,HYDD
3874,HYDW
3875,HYLS
3876,HYLV
3877,HYND
3878,HYUP
3879,IAM
3880,IBA
3881,IBCD
3882,IBCE
3883,IBDB
3884,IBDC
3885,IBDH
3886,IBDK
3887,IBDN
3888,IBDO
3889,IBDP
3890,IBDR
3891,IBDS
3892,IBKCO
3893,IBMK
3894,ICB
3895,ICCC
3896,ICCH
3897,ICI
3898,IDIV
3899,IDLB
3900,IDMO
3901,IEC
3902,IFEU
3903,IFV
3904,IGEM
3905,IGLD
3906,IHC
3907,IHIT
3908,IHTA
3909,IHY
3910,IIJI
3911,IMLP
3912,IMMY
3913,IMRN
3914,INBKL
3915,INDU
3916,INFR
3917,INKM
3918,INR
3919,INS
3920,INSI
3921,INTF
3922,INTG
3923,INVE
3924,INXX
3925,IPB
3926,IPOS
3927,IPWR
3928,IQDE
3929,IQDY
3930,IQLT
3931,IROQ
3932,ISCF
3933,ISDR
3934,ISL
3935,ISMD
3936,ISRA
3937,ISSC
3938,ISZE
3939,IVLU
3940,IVOP
3941,JBK
3942,JCTCF
3943,JDIV
3944,JEM
3945,JEMD
3946,JEQ
3947,JHB
3948,JHD
3949,JHDG
3950,JHMA
3951,JHMC
3952,JHMD
3953,JHME
3954,JHMF
3955,JHMH
3956,JHMI
3957,JHML
3958,JHMS
3959,JHMU
3960,JHS
3961,JHSC
3962,JHX
3963,JHY
3964,JJA
3965,JJAB
3966,JJCB
3967,JJE
3968,JJEB
3969,JJM
3970,JJMB
3971,JJPB
3972,JJS
3973,JJSB
3974,JJT
3975,JJUB
3976,JMIN
3977,JMM
3978,JMOM
3979,JMPB
3980,JMPD
3981,JMT
3982,JOF
3983,JPED
3984,JPEH
3985,JPHF
3986,JPI
3987,JPIH
3988,JPLS
3989,JPMB
3990,JPMF
3991,JPN
3992,JPSE
3993,JQUA
3994,JSD
3995,JSM
3996,JSML
3997,JSYNU
3998,JVAL
3999,JXSB
4000,KAAC
4001,KAACU
4002,KAP
4003,KARS
4004,KBA
4005,KBLM
4006,KBLMU
4007,KBWR
4008,KCAPL
4009,KCNY
4010,KELYB
4011,KFFB
4012,KFYP
4013,KGRN
4014,KMDA
4015,KMPA
4016,KNOW
4017,KOLD
4018,KONE
4019,KRP
4020,KST
4021,KTCC
4022,KTH
4023,KTN
4024,KURE
4025,KZIA
4026,LACQ
4027,LACQU
4028,LAKE
4029,LALT
4030,LANDP
4031,LAQ
4032,LARK
4033,LAWS
4034,LAZY
4035,LBTYB
4036,LCA
4037,LCAHU
4038,LD
4039,LDF
4040,LDRI
4041,LEDD
4042,LEGR
4043,LEU
4044,LEXEB
4045,LFEQ
4046,LGC
4047,LGCYP
4048,LGL
4049,LINC
4050,LINDW
4051,LIVE
4052,LMHA
4053,LMRKO
4054,LMRKP
4055,LNGR
4056,LOOP
4057,LOR
4058,LRET
4059,LRGE
4060,LSBK
4061,LSST
4062,LSTK
4063,LSVX
4064,LSXMB
4065,LTL
4066,LTRPB
4067,LTSL
4068,LVHD
4069,LVL
4070,LXFR
4071,MAB
4072,MACQ
4073,MACQU
4074,MAMS
4075,MANU
4076,MATH
4077,MAYS
4078,MBFIO
4079,MBG
4080,MBSD
4081,MCEF
4082,MCI
4083,MCRO
4084,MCV
4085,MCX
4086,MDLQ
4087,MDLX
4088,MELR
4089,MEN
4090,MESO
4091,MEXX
4092,MFCB
4093,MFD
4094,MFDX
4095,MFEM
4096,MFINL
4097,MFO
4098,MFT
4099,MFUS
4100,MFV
4101,MGYR
4102,MHD
4103,MHE
4104,MHF
4105,MHLA
4106,MHN
4107,MHNC
4108,MIDU
4109,MIII
4110,MIIIU
4111,MINC
4112,MINDP
4113,MIW
4114,MIY
4115,MJCO
4116,MLP
4117,MLPB
4118,MLPC
4119,MLPE
4120,MLPG
4121,MLPO
4122,MLPS
4123,MLTI
4124,MMD
4125,MMDM
4126,MMDMU
4127,MMIN
4128,MMIT
4129,MMV
4130,MNE
4131,MOM
4132,MORT
4133,MOSC
4134,MPAC
4135,MPACU
4136,MPB
4137,MPV
4138,MRBK
4139,MSBF
4140,MSD
4141,MSON
4142,MTBCP
4143,MTEC
4144,MTECU
4145,MTEX
4146,MTGEP
4147,MUDS
4148,MUDSU
4149,MUE
4150,MVBF
4151,MVCD
4152,MVIN
4153,MVT
4154,MXDU
4155,MXE
4156,MYC
4157,MYY
4158,MZZ
4159,NANR
4160,NATR
4161,NAZ
4162,NBB
4163,NBD
4164,NBH
4165,NBN
4166,NBO
4167,NCB
4168,NEBU
4169,NEBUU
4170,NEN
4171,NESR
4172,NEWTI
4173,NFLT
4174,NFRA
4175,NGHCP
4176,NGVC
4177,NHA
4178,NHTC
4179,NICK
4180,NINI
4181,NKG
4182,NKX
4183,NLR
4184,NMI
4185,NMS
4186,NMT
4187,NMY
4188,NNC
4189,NNY
4190,NOM
4191,NPN
4192,NPV
4193,NQP
4194,NSEC
4195,NSS
4196,NTC
4197,NTX
4198,NUAG
4199,NUBD
4200,NUO
4201,NUSA
4202,NUW
4203,NWFL
4204,NWHM
4205,NXC
4206,NXEOU
4207,NXP
4208,NXR
4209,NYMTN
4210,NYMTO
4211,NYV
4212,OASI
4213,OBAS
4214,OBCI
4215,OBOR
4216,OCIO
4217,OCSLL
4218,ODC
4219,OESX
4220,OEUR
4221,OEW
4222,OGCP
4223,OIIL
4224,OILX
4225,OLD
4226,OLEM
4227,OLO
4228,OMAD
4229,ONG
4230,OPOF
4231,ORG
4232,ORPN
4233,ORRF
4234,OSBCP
4235,OSLE
4236,OTEL
4237,OTTW
4238,OUSM
4239,OVLC
4240,OVLY
4241,OXLCM
4242,OXLCO
4243,PAGG
4244,PAI
4245,PAK
4246,PATI
4247,PBB
4248,PBD
4249,PBHC
4250,PBIB
4251,PBP
4252,PCM
4253,PCQ
4254,PDEX
4255,PDLB
4256,PESI
4257,PFD
4258,PFFR
4259,PFH
4260,PFI
4261,PFIG
4262,PFIS
4263,PFK
4264,PFM
4265,PGM
4266,PGMB
4267,PGP
4268,PHO
4269,PIE
4270,PIO
4271,PIZ
4272,PJH
4273,PKBK
4274,PKO
4275,PLBC
4276,PLND
4277,PLTM
4278,PLW
4279,PLYM
4280,PMO
4281,PMOM
4282,PMPT
4283,PNBK
4284,PNF
4285,PNTR
4286,PPDM
4287,PPEM
4288,PPLC
4289,PPLN
4290,PPMC
4291,PPSC
4292,PPTB
4293,PRB
4294,PRH
4295,PRID
4296,PROV
4297,PRPL
4298,PSAU
4299,PSC
4300,PSCF
4301,PSCU
4302,PSET
4303,PSF
4304,PTM
4305,PTSI
4306,PUI
4307,PUW
4308,PVAL
4309,PW
4310,PWZ
4311,PXLV
4312,PXMV
4313,PXSV
4314,PY
4315,PYS
4316,PZC
4317,PZI
4318,PZT
4319,QADB
4320,QAT
4321,QCLN
4322,QDEF
4323,QDYN
4324,QED
4325,QGTA
4326,QLC
4327,QLS
4328,QMN
4329,QRTEB
4330,QVM
4331,RALS
4332,RAND
4333,RBCN
4334,RBIN
4335,RBNC
4336,RBUS
4337,RDIB
4338,RFCI
4339,RFI
4340,RFT
4341,RFUN
4342,RGCO
4343,RGT
4344,RILYL
4345,RILYZ
4346,RINF
4347,RISE
4348,RIV
4349,RJZ
4350,RLJE
4351,RMBL
4352,RNDB
4353,RNDM
4354,RNDV
4355,RNEM
4356,RNLC
4357,RNMC
4358,RNSC
4359,ROBT
4360,RODM
4361,ROGS
4362,RORE
4363,ROUS
4364,RSXJ
4365,RUSS
4366,RVNU
4367,RWGE
4368,RXD
4369,RYJ
4370,SAGG
4371,SAMG
4372,SAR
4373,SBB
4374,SBFGP
4375,SBIO
4376,SBLKZ
4377,SBM
4378,SBR
4379,SBRAP
4380,SBV
4381,SCA
4382,SCAC
4383,SCACU
4384,SCAP
4385,SCC
4386,SCD
4387,SCID
4388,SCIJ
4389,SCIU
4390,SCIX
4391,SCTO
4392,SDD
4393,SDEM
4394,SDP
4395,SDVY
4396,SEA
4397,SEF
4398,SENEB
4399,SFB
4400,SFBC
4401,SGA
4402,SGAR
4403,SGB
4404,SGDM
4405,SGGB
4406,SGQI
4407,SHNY
4408,SHSP
4409,SHYL
4410,SIJ
4411,SIM
4412,SIZ
4413,SLIM
4414,SLMBP
4415,SMCP
4416,SMED
4417,SMLF
4418,SMLL
4419,SMPLW
4420,SNFCA
4421,SNHNL
4422,SNSR
4423,SOHOK
4424,SOHOO
4425,SOIL
4426,SOYB
4427,SPDN
4428,SPDV
4429,SPE
4430,SPI
4431,SPIL
4432,SPMO
4433,SPPP
4434,SPRO
4435,SPTS
4436,SPUN
4437,SPVU
4438,SQLV
4439,SQZZ
4440,SRCLP
4441,SRET
4442,SSBI
4443,SSFN
4444,SSWA
4445,STLR
4446,STLRU
4447,STNL
4448,STNLU
4449,STNLW
4450,STPP
4451,SUMR
4452,SUSB
4453,SUSC
4454,SVBI
4455,SVT
4456,SWIN
4457,SWJ
4458,SWZ
4459,SZK
4460,TACT
4461,TAGS
4462,TAO
4463,TATT
4464,TAYD
4465,TBX
4466,TCBIL
4467,TCBIP
4468,TCCA
4469,TCRZ
4470,TDI
4471,TDJ
4472,TDTF
4473,TERM
4474,THGA
4475,TIBRU
4476,TLDH
4477,TLEH
4478,TOLZ
4479,TPGH
4480,TPIV
4481,TPVY
4482,TPYP
4483,TPZ
4484,TRCB
4485,TRIL
4486,TRMD
4487,TRNS
4488,TSRI
4489,TUSA
4490,TVE
4491,TVIZ
4492,TWN
4493,TY
4494,TYBS
4495,TYNS
4496,TYO
4497,TZOO
4498,UAE
4499,UAG
4500,UAUD
4501,UBC
4502,UBCP
4503,UBG
4504,UBM
4505,UBN
4506,UBOH
4507,UBP
4508,UBR
4509,UCHF
4510,UCIB
4511,UDBI
4512,UDN
4513,UEUR
4514,UEVM
4515,UGBP
4516,UHN
4517,UIVM
4518,UJPY
4519,ULBR
4520,ULE
4521,ULST
4522,ULVM
4523,UNAM
4524,UNB
4525,UNL
4526,UNTY
4527,UONE
4528,UPV
4529,UPW
4530,URR
4531,USAG
4532,USAI
4533,USAP
4534,USATP
4535,USFR
4536,USL
4537,USLB
4538,USMC
4539,USOD
4540,USOU
4541,USV
4542,USVM
4543,UTES
4544,UTSL
4545,UZC
4546,VALQ
4547,VALX
4548,VBF
4549,VBFC
4550,VCF
4551,VEAC
4552,VEACU
4553,VEGA
4554,VEGI
4555,VESH
4556,VFL
4557,VGFO
4558,VIDI
4559,VLT
4560,VMM
4561,VNCE
4562,VRNA
4563,VSDA
4564,VSL
4565,VXRT
4566,VZA
4567,WAFDW
4568,WALA
4569,WBAL
4570,WBIA
4571,WBIB
4572,WBIC
4573,WBID
4574,WBIE
4575,WBIF
4576,WBIG
4577,WBIH
4578,WBII
4579,WBIL
4580,WBIR
4581,WBIY
4582,WCFB
4583,WCHN
4584,WDRW
4585,WEA
4586,WEBK
4587,WEET
4588,WHFBL
4589,WHLRD
4590,WILC
4591,WINS
4592,WMCR
4593,WMW
4594,WPS
4595,WREI
4596,WSCI
4597,WSTG
4598,WTID
4599,WTMF
4600,WTRX
4601,WVFC
4602,WVVI
4603,WVVIP
4604,XBIT
4605,XCEM
4606,XFLT
4607,XINA
4608,XIVH
4609,XKFS
4610,XKII
4611,XKST
4612,XMPT
4613,XMX
4614,XRLV
4615,XVZ
4616,XXV
4617,YAO
4618,YDIV
4619,YLD
4620,YLDE
4621,YMLI
4622,YMLP
4623,YTEN
4624,YXI
4625,ZBIO
4626,ZBK
4627,ZIONZ
4628,ZVZZT
4629,ZWZZT
4630,ZXZZT
4631,ZYME
4632,POLIX
4633,AMCR
4634,HKIB
4635,FINS
4636,APY
4637,ACA
4638,ARGO
4639,ARLO
4640,AMK
4641,AVNS
4642,AVTR
4643,EQH
4644,AX
4645,BRPM
4646,BCSF
4647,BBDC
4648,BHC
4649,BJ
4650,BSTZ
4651,BE
4652,MNRL
4653,BSIG
4654,BV
4655,CANG
4656,CGC
4657,CPRI
4658,CBS-A
4659,EBR-B
4660,CCX
4661,CCC
4662,CWEN
4663,CWEN-A
4664,CCEP
4665,CCH
4666,CTRA
4667,CPLG
4668,CNR
4669,CTVA
4670,CRD-A
4671,CRD-B
4672,CWK
4673,DBI
4674,DSSI
4675,DOW
4676,DT
4677,ELAN
4678,ESI
4679,AKO-A
4680,AKO-B
4681,ET
4682,EQNR
4683,ETRN
4684,EPRT
4685,EB
4686,FPAC
4687,FTCH
4688,FLNG
4689,FSK
4690,GIX
4691,GRAF
4692,EAF
4693,GTN-A
4694,GHG
4695,GEF-B
4696,GSAH
4697,HNGR
4698,HVT-A
4699,HGLB
4700,HUYA
4701,IFS
4702,JEF
4703,JW-A
4704,JW-B
4705,JMIA
4706,KDP
4707,KTB
4708,LEAF
4709,LHC
4710,LEVI
4711,LINX
4712,LGF-A
4713,LGF-B
4714,LTHM
4715,MGY
4716,MEC
4717,MDLA
4718,MFAC
4719,NMFX
4720,NIO
4721,JHAA
4722,NVT
4723,OAC
4724,ORCC
4725,PD
4726,PSN
4727,PRSP
4728,PBR-A
4729,PHR
4730,NRGX
4731,PINS
4732,PIC
4733,PVTL
4734,PSTL
4735,PROS
4736,NEW
4737,PACK
4738,RC
4739,RPLA
4740,REZI
4741,RVI
4742,RVLV
4743,RMM
4744,RSF
4745,RMI
4746,RMG
4747,RDS-A
4748,RDS-B
4749,SCPE
4750,SRL
4751,SITC
4752,WORK
4753,SWI
4754,SPAQ
4755,MSC
4756,NOVA
4757,SUZ
4758,TAK
4759,TGE
4760,TALO
4761,TME
4762,VAM
4763,SHLL
4764,TEAF
4765,TRNE
4766,TUFN
4767,TRWH
4768,USX
4769,UBER
4770,VAPO
4771,VNE
4772,VCIF
4773,WYND
4774,YETI
4775,ZUO
4776,YI
4777,PIHPP
4778,BCOW
4779,QFIN
4780,JFK
4781,JFKKU
4782,ACAM
4783,ACAMU
4784,ACTT
4785,ACTTU
4786,ADPT
4787,DWMC
4788,DWSH
4789,BKCH
4790,AFYA
4791,AGBA
4792,AGBAU
4793,AGMH
4794,AGNCM
4795,AIRTP
4796,AKRO
4797,ALAC
4798,ALACU
4799,ALEC
4800,ALGR
4801,ALGRU
4802,ALLO
4803,ALTM
4804,AMAL
4805,AMCI
4806,AMCIU
4807,AMTB
4808,AMTBB
4809,AFIN
4810,AFINP
4811,ANDA
4812,ANDAU
4813,ATEX
4814,APEX
4815,APLT
4816,ARCE
4817,ARDS
4818,ARVN
4819,ARYA
4820,ARYAU
4821,AUB
4822,BCEL
4823,AEYE
4824,AUTL
4825,AVRO
4826,AXNX
4827,OZK
4828,BSVN
4829,BCML
4830,XAIR
4831,BCYC
4832,BILI
4833,BWMC
4834,BWMCU
4835,BWAY
4836,BBIO
4837,BHFAP
4838,BPYPO
4839,BPYPP
4840,BPR
4841,BPRAP
4842,BFST
4843,CMBM
4844,CBNK
4845,CARE
4846,SAVA
4847,CBMB
4848,CFFA
4849,CFFAU
4850,CHNG
4851,CTAC
4852,CSSEP
4853,CMCTP
4854,CCB
4855,CLBK
4856,CNST
4857,ROAD
4858,CPAA
4859,CPAAU
4860,CRTX
4861,CLDB
4862,CVET
4863,CRSA
4864,CRSAU
4865,CRNX
4866,CFB
4867,CMLS
4868,CYCN
4869,DDMX
4870,DMTK
4871,DEAC
4872,DEACU
4873,DPHC
4874,DPHCU
4875,DOMO
4876,DOYU
4877,DBX
4878,DYAI
4879,EDSA
4880,EDTX
4881,EDTXU
4882,ENLV
4883,ESGRO
4884,ESGRP
4885,EVSI
4886,EQ
4887,ESTA
4888,ETON
4889,EVLO
4890,EVER
4891,EVOP
4892,EXPI
4893,FLLCU
4894,FITBP
4895,FTAC
4896,FTACU
4897,FCBP
4898,FXNC
4899,FSEA
4900,DDIV
4901,DVOL
4902,DVLU
4903,DALI
4904,FDNI
4905,NFTY
4906,FPXE
4907,LDSF
4908,FID
4909,MYFW
4910,FOCS
4911,FMCI
4912,FMCIU
4913,FRAF
4914,FTDR
4915,FULC
4916,FVCB
4917,GNFT
4918,GMAB
4919,GAINL
4920,GBLIZ
4921,DRIV
4922,CLOU
4923,EBIZ
4924,AIQ
4925,GNOM
4926,GRSH
4927,GRSHU
4928,GMHI
4929,GMHIU
4930,GOSS
4931,GO
4932,GXGX
4933,GXGXU
4934,HWC
4935,HARP
4936,HROW
4937,HHR
4938,HCAT
4939,HLIO
4940,HCACU
4941,HFFG
4942,HCCH
4943,HCCHU
4944,FIXX
4945,HOOK
4946,IIIV
4947,IBKCN
4948,IDYA
4949,IHRT
4950,IMBI
4951,IMUX
4952,IEA
4953,INMD
4954,INMB
4955,INSU
4956,INSUU
4957,IMXI
4958,IPLDP
4959,ISDX
4960,ISDS
4961,ISEM
4962,IUS
4963,IUSS
4964,IQ
4965,EWJE
4966,EWJV
4967,ITMR
4968,ISEE
4969,KLDO
4970,KNSA
4971,KRUS
4972,LEGH
4973,LEVL
4974,LFAC
4975,LFACU
4976,LMST
4977,LOGC
4978,CHNA
4979,LOAC
4980,LOACU
4981,LYFT
4982,MGTA
4983,MNSB
4984,MDJH
4985,MGTX
4986,MBINO
4987,MBINP
4988,MSVB
4989,MIST
4990,TIGO
4991,MIRM
4992,MWK
4993,MNCL
4994,MNCLU
4995,MORF
4996,MOR
4997,COOP
4998,NRC
4999,NTUS
5000,NLTX
5001,NEPH
5002,NFIN
5003,NFINU
5004,NBSE
5005,NFE
5006,NXTC
5007,NXGN
5008,NGM
5009,NIU
5010,LASR
5011,OPI
5012,OPINI
5013,OCCI
5014,OCCIP
5015,OSPN
5016,OSW
5017,OPBK
5018,OPRA
5019,OPES
5020,OPRX
5021,OBNK
5022,ORSNU
5023,OSMT
5024,HERD
5025,ECOW
5026,VETS
5027,PAYS
5028,PCB
5029,PSNL
5030,PLL
5031,PBFS
5032,PS
5033,PPHI
5034,DTIL
5035,PRVL
5036,PLC
5037,PSM
5038,PAAC
5039,PAACU
5040,PTVCA
5041,PTVCB
5042,PRVB
5043,PACQ
5044,PACQU
5045,PUYI
5046,RTLR
5047,BCNA
5048,RRBI
5049,RDVT
5050,REKR
5051,RPAY
5052,REPL
5053,RBKB
5054,RMBI
5055,RIVE
5056,RUBY
5057,SRRK
5058,SAMA
5059,SAMAU
5060,SCPL
5061,SIC
5062,SIBN
5063,SIGA
5064,SSPKU
5065,SG
5066,GIGE
5067,SOLY
5068,SONO
5069,SOHON
5070,SMMC
5071,SMMCU
5072,SPFI
5073,SY
5074,STXB
5075,STND
5076,STOK
5077,SURF
5078,STRO
5079,SSSS
5080,SVMK
5081,TCFCP
5082,TCRR
5083,TECTP
5084,TENB
5085,TZAC
5086,TZACU
5087,BPRN
5088,LOVE
5089,PECK
5090,REAL
5091,THBRU
5092,TIBR
5093,TKKSU
5094,TOTA
5095,TOTAU
5096,TBIO
5097,TMDX
5098,TPCO
5099,TCDA
5100,TDAC
5101,TDACU
5102,TSCAP
5103,TSCBP
5104,THCB
5105,THCBU
5106,THCA
5107,THCAU
5108,BROG
5109,TTTN
5110,UPWK
5111,UROV
5112,VLYPO
5113,VLYPP
5114,VTIQ
5115,VTIQU
5116,VERY
5117,VRRM
5118,VRCA
5119,VMD
5120,VIOT
5121,HLAL
5122,WTRE
5123,WTREP
5124,HHHH
5125,HHHHU
5126,WW
5127,WINC
5128,WBND
5129,WRTC
5130,XFOR
5131,XERS
5132,XPEL
5133,YMAB
5134,ZYXI
5135,AEF
5136,BIOX
5137,MMX
5138,MRIC
5139,SILV
5140,SDI
5141,RCGTX
5142,LDVAX
5143,CBAIX
5144,BFOCX
5145,CSGCX
5146,USNQX
5147,MMCFX
5148,CGMRX
5149,CAMOX
5150,USMAX
5151,MGOAX
5152,TEGYX
5153,MMSRX
5154,SASWX
5155,RYCOX
5156,FGDKX
5157,NEAGX
5158,RBRCX
5159,FDSVX
5160,TARKX
5161,ATACX
5162,QLSCX
5163,GGGAX
5164,TEGIX
5165,WSMNX
5166,TEGAX
5167,GTCSX
5168,VSSCX
5169,WSMDX
5170,TOECX
5171,ZSCIX
5172,TILHX
5173,ADCCX
5174,TILPX
5175,GTSCX
5176,TIRTX
5177,NEAIX
5178,TILRX
5179,FLRYX
5180,LSSNX
5181,ZSCCX
5182,QMORX
5183,JMCRX
5184,DISIX
5185,DISSX
5186,FLRAX
5187,FLYCX
5188,USAAX
5189,FTQGX
5190,QLSGX
5191,QISGX
5192,QCSGX
5193,FOCWX
5194,DSEEX
5195,FOCCX
5196,DSENX
5197,PFPWX
5198,QASGX
5199,EGFIX
5200,POGRX
5201,UIGRX
5202,FLGEX
5203,CSXCX
5204,PARWX
5205,EGFFX
5206,PJFBX
5207,TSCIX
5208,MECAX
5209,WBSIX
5210,MECIX
5211,WSMGX
5212,ATSMX
5213,QTSRX
5214,CPECX
5215,WBSNX
5216,CYPSX
5217,SFLWX
5218,DTSGX
5219,CPEAX
5220,JLGAX
5221,GURIX
5222,ROGSX
5223,CVMIX
5224,ASMOX
5225,FMPFX
5226,TSCPX
5227,GURAX
5228,FFGRX
5229,FIMPX
5230,CPEIX
5231,BMGCX
5232,HSPGX
5233,DFDMX
5234,HSPCX
5235,JARTX
5236,JFRNX
5237,BMRRX
5238,JCAPX
5239,FMPCX
5240,SHTCX
5241,JDCAX
5242,JDCRX
5243,SGTRX
5244,KMKYX
5245,JACCX
5246,ALCFX
5247,BMGAX
5248,CAMAX
5249,POAGX
5250,WAAEX
5251,KMKNX
5252,MIGPX
5253,RIVBX
5254,UMPIX
5255,BGLUX
5256,TCMSX
5257,MSPTX
5258,MIGIX
5259,UMPSX
5260,FSCSX
5261,PAREX
5262,CISGX
5263,GSXIX
5264,PVIVX
5265,REICX
5266,BDFIX
5267,FSPTX
5268,FSRNX
5269,FELTX
5270,GSXCX
5271,TGCNX
5272,BLYYX
5273,FELIX
5274,MNREX
5275,USSCX
5276,BLYAX
5277,PRJQX
5278,FELAX
5279,FRESX
5280,FELCX
5281,ORECX
5282,PXSGX
5283,FREAX
5284,PSGCX
5285,CTHCX
5286,PSGAX
5287,ORENX
5288,FARCX
5289,FRSSX
5290,ARYCX
5291,AIGYX
5292,AIAGX
5293,SGRKX
5294,SGRAX
5295,MGLBX
5296,NWSAX
5297,CSRIX
5298,PRGTX
5299,BFTIX
5300,GSOFX
5301,SSETX
5302,FSDAX
5303,AGOZX
5304,WHOSX
5305,CSXAX
5306,GLFOX
5307,GLIFX
5308,CISIX
5309,FCPIX
5310,CAECX
5311,RRCOX
5312,TRSSX
5313,NSCCX
5314,MFOMX
5315,MMECX
5316,NWGQX
5317,JPFAX
5318,JACRX
5319,NLIGX
5320,FWWFX
5321,NLCGX
5322,GRISX
5323,FCPAX
5324,JAREX
5325,FWIFX
5326,FIVFX
5327,MFOIX
5328,TGGAX
5329,NEFOX
5330,TGTIX
5331,PAGLX
5332,NEFJX
5333,VLAIX
5334,FWCFX
5335,TGIHX
5336,FWAFX
5337,RCLIX
5338,VLAAX
5339,TRULX
5340,WMLIX
5341,SCURX
5342,PACOX
5343,POSKX
5344,PAULX
5345,SVFYX
5346,SCUIX
5347,HOOTX
5348,FSMDX
5349,HOOSX
5350,FCTGX
5351,FWTFX
5352,SVFDX
5353,BUFOX
5354,LSCRX
5355,SSSJX
5356,SVFKX
5357,JARIX
5358,JMUEX
5359,FIDZX
5360,SVFAX
5361,SCUVX
5362,FCPCX
5363,NEJYX
5364,MASTX
5365,LSVAX
5366,LSCNX
5367,LSSCX
5368,VSEQX
5369,JUEZX
5370,MMDEX
5371,SMVLX
5372,PAVLX
5373,PRGIX
5374,FIDGX
5375,DSCVX
5376,FCIGX
5377,TRVLX
5378,TIIRX
5379,AIAFX
5380,HMDCX
5381,TRGIX
5382,ACRTX
5383,CLCRX
5384,BUFIX
5385,FCAGX
5386,CAMYX
5387,CAMIX
5388,DTSVX
5389,WEMMX
5390,SMGIX
5391,HFMVX
5392,COGRX
5393,FCCGX
5394,BLGRX
5395,CDOFX
5396,LCCCX
5397,ASCTX
5398,LGRNX
5399,DSCYX
5400,WMMAX
5401,MLCIX
5402,VQSRX
5403,CADIX
5404,TRPIX
5405,DOPIX
5406,VSTCX
5407,JSMTX
5408,MIMSX
5409,DCGTX
5410,CDOCX
5411,WEIMX
5412,CCCRX
5413,JENHX
5414,CSVIX
5415,CSCCX
5416,TAREX
5417,VPCCX
5418,BALGX
5419,COFYX
5420,CORRX
5421,JSMVX
5422,HFMSX
5423,CCVAX
5424,EWENX
5425,SGIEX
5426,WMMCX
5427,FSSNX
5428,WSMVX
5429,IMIDX
5430,HFMIX
5431,SSPSX
5432,CMIDX
5433,NEFSX
5434,EAFGX
5435,JMCEX
5436,NSDVX
5437,PRDMX
5438,LGRCX
5439,TVRVX
5440,LSGRX
5441,NESYX
5442,HILFX
5443,CCSGX
5444,BUFTX
5445,GWETX
5446,RAAIX
5447,SSPGX
5448,LGRRX
5449,RAANX
5450,RAAAX
5451,PGIUX
5452,PGUAX
5453,BREFX
5454,PEXMX
5455,PGUCX
5456,GWEIX
5457,AWEIX
5458,JPDEX
5459,JPEAX
5460,CVMAX
5461,ICSCX
5462,POLRX
5463,FSRPX
5464,MPGIX
5465,HLFNX
5466,NNLEX
5467,SCGVX
5468,MPGEX
5469,TLIIX
5470,QASCX
5471,QISCX
5472,SCMGX
5473,BDSKX
5474,BDSIX
5475,KLCIX
5476,VGSAX
5477,FGSKX
5478,TEEAX
5479,SEUPX
5480,TMDPX
5481,VRGEX
5482,AVEGX
5483,VGISX
5484,LCGFX
5485,QCSCX
5486,VGSCX
5487,TMDIX
5488,USMYX
5489,OMSIX
5490,TIQIX
5491,NWWOX
5492,PARDX
5493,NOLCX
5494,PYVSX
5495,GASFX
5496,PYVLX
5497,RRTFX
5498,SIBAX
5499,DGLCX
5500,FABLX
5501,FMIJX
5502,DROYX
5503,SGACX
5504,AVEDX
5505,TRRJX
5506,TFIFX
5507,AUEIX
5508,RRTDX
5509,QUERX
5510,DGLRX
5511,AUENX
5512,SGAPX
5513,TRACX
5514,SDVGX
5515,PARKX
5516,MGGIX
5517,SDVSX
5518,SMDVX
5519,CSSZX
5520,VASVX
5521,DGIFX
5522,BPSIX
5523,TGIPX
5524,FPVSX
5525,SSCVX
5526,DGLAX
5527,TRSGX
5528,FEYIX
5529,DHROX
5530,CVTRX
5531,NLGIX
5532,TEQAX
5533,MVALX
5534,TRRKX
5535,HWLCX
5536,CGIIX
5537,ABASX
5538,NLCDX
5539,FCAZX
5540,GILIX
5541,MIEIX
5542,FMGIX
5543,HLMGX
5544,NMIAX
5545,NMIMX
5546,MFCIX
5547,FCVIX
5548,PARLX
5549,SFEPX
5550,ABSIX
5551,NNTWX
5552,ABSZX
5553,AOVIX
5554,MFCCX
5555,HWAIX
5556,TAAIX
5557,SFDYX
5558,SEMCX
5559,FBIOX
5560,SIPIX
5561,PRISX
5562,NLACX
5563,ABSKX
5564,HWSAX
5565,NLCIX
5566,PASVX
5567,RRTRX
5568,SMDRX
5569,PAROX
5570,FPSVX
5571,HFDYX
5572,SMDIX
5573,CVTCX
5574,NCTWX
5575,TAAAX
5576,HWSCX
5577,HFDTX
5578,MINDX
5579,SDLAX
5580,MFCAX
5581,FTCLX
5582,PJOQX
5583,ABYSX
5584,HWSIX
5585,CAAPX
5586,BPSCX
5587,HLMVX
5588,GTLIX
5589,HGGAX
5590,MSFLX
5591,PARFX
5592,ABSRX
5593,HFDRX
5594,PRVIX
5595,PRSVX
5596,JPIEX
5597,ODMCX
5598,ACMYX
5599,SIVIX
5600,HFDCX
5601,SECEX
5602,SSQSX
5603,HWAAX
5604,AUUCX
5605,APGCX
5606,PLBBX
5607,MIDNX
5608,VDIGX
5609,ABMAX
5610,SICWX
5611,HASCX
5612,ENTIX
5613,HNGIX
5614,GRMIX
5615,BBHLX
5616,SEEKX
5617,SKSEX
5618,WBVDX
5619,NOSIX
5620,PJIAX
5621,GTLOX
5622,PDSIX
5623,PSIFX
5624,JGMNX
5625,NWKEX
5626,GQETX
5627,GRMAX
5628,WOOPX
5629,MYSPX
5630,PSIAX
5631,FTHSX
5632,JSMGX
5633,GEQYX
5634,SENCX
5635,PTEZX
5636,SXPAX
5637,GEQZX
5638,NWGSX
5639,HWCCX
5640,MMEYX
5641,NWGPX
5642,DSMGX
5643,SXPCX
5644,CAEEX
5645,JANIX
5646,GVMCX
5647,TYGGX
5648,JGMIX
5649,FZAMX
5650,JDEAX
5651,HISVX
5652,VMCCX
5653,PSICX
5654,VIMCX
5655,HNVRX
5656,FITIX
5657,AMPAX
5658,NESIX
5659,BVDIX
5660,SCSCX
5661,JUSRX
5662,HSVRX
5663,JUESX
5664,GRMCX
5665,USPRX
5666,USSPX
5667,POMIX
5668,JUEAX
5669,FACSX
5670,NSCFX
5671,JUEPX
5672,VMACX
5673,NOSGX
5674,WESCX
5675,MMERX
5676,PCCOX
5677,JGMRX
5678,SPINX
5679,PRCOX
5680,FIATX
5681,MMEAX
5682,BUFEX
5683,FMEIX
5684,FOSBX
5685,NSCRX
5686,TGGCX
5687,ABINX
5688,TWBIX
5689,PABFX
5690,CHTTX
5691,PABCX
5692,PBFBX
5693,TPPAX
5694,TRPBX
5695,RRTNX
5696,VASGX
5697,FBTIX
5698,VTRIX
5699,POPFX
5700,LGMCX
5701,FCHKX
5702,DODFX
5703,WHGIX
5704,TIBIX
5705,ASPGX
5706,TIBMX
5707,WSBFX
5708,TIBGX
5709,GIOTX
5710,TIBAX
5711,TCVIX
5712,HSFNX
5713,VEIPX
5714,CSERX
5715,CIVIX
5716,TGVIX
5717,GSMFX
5718,TIVRX
5719,AREVX
5720,VUVLX
5721,SBACX
5722,TGIRX
5723,ADGYX
5724,SEBLX
5725,JVAAX
5726,RBAIX
5727,CIVVX
5728,VBAIX
5729,VBIAX
5730,VBINX
5731,DHLAX
5732,CSVZX
5733,SIBLX
5734,FASGX
5735,FMSTX
5736,LSWWX
5737,HAVLX
5738,HNLVX
5739,IBALX
5740,FTASX
5741,HRLVX
5742,NBQFX
5743,EGOIX
5744,EGORX
5745,LGMAX
5746,RRTCX
5747,SXMAX
5748,CIPIX
5749,MCNVX
5750,PAITX
5751,ADGKX
5752,BPAIX
5753,TGVAX
5754,TGVRX
5755,VWNDX
5756,DHTCX
5757,TRLCX
5758,FZABX
5759,JVAIX
5760,FADCX
5761,JVAYX
5762,JVASX
5763,JVARX
5764,BPAVX
5765,RRITX
5766,CIPSX
5767,DHTYX
5768,CSRYX
5769,QNTIX
5770,QNTAX
5771,DHLTX
5772,DHLYX
5773,SLVAX
5774,DHLRX
5775,CIPMX
5776,FLCGX
5777,LMVYX
5778,JVACX
5779,FDVAX
5780,FPRAX
5781,ADGZX
5782,HSSAX
5783,TRRCX
5784,VINEX
5785,KMDVX
5786,FSTLX
5787,RPBAX
5788,FSTKX
5789,FFBFX
5790,HSSIX
5791,FSTRX
5792,PARCX
5793,PESPX
5794,BRLVX
5795,MYIMX
5796,FSCWX
5797,NWXQX
5798,IUESX
5799,FAAIX
5800,BLVAX
5801,FSCCX
5802,PRDSX
5803,FBAKX
5804,FAASX
5805,HQIIX
5806,DPSCX
5807,LYRIX
5808,HSSCX
5809,USWGX
5810,TCLCX
5811,SMTIX
5812,SMTYX
5813,FSCVX
5814,UBVSX
5815,CRMSX
5816,SMTSX
5817,NGPAX
5818,LYRBX
5819,SSGAX
5820,FCASX
5821,SKTAX
5822,SMTAX
5823,TILCX
5824,HILVX
5825,UBVRX
5826,GMXAX
5827,FMCLX
5828,FMDCX
5829,FDVIX
5830,HDGCX
5831,WTMCX
5832,FMCRX
5833,TFSIX
5834,VHGEX
5835,UBVLX
5836,CIPNX
5837,FZAJX
5838,FIGFX
5839,WPSIX
5840,CLREX
5841,CBALX
5842,SMTCX
5843,PFPMX
5844,UBVAX
5845,SISAX
5846,PARMX
5847,TPVIX
5848,HGIYX
5849,SGOAX
5850,DMIDX
5851,TQAIX
5852,MCINX
5853,TRLIX
5854,TRLHX
5855,FSCAX
5856,GMXRX
5857,HGITX
5858,KIFCX
5859,DPSYX
5860,SEAIX
5861,TMMAX
5862,STVYX
5863,JORCX
5864,MPACX
5865,TQAAX
5866,MSCFX
5867,MCSVX
5868,FOVAX
5869,USAWX
5870,JTSYX
5871,JTSIX
5872,SSHVX
5873,JTSSX
5874,CBDYX
5875,CBDRX
5876,SGIDX
5877,FSPHX
5878,FABCX
5879,FCPVX
5880,NOMIX
5881,CBLAX
5882,RRTPX
5883,FBALX
5884,FAMRX
5885,BWLAX
5886,FCIVX
5887,FMIYX
5888,HQISX
5889,JTSCX
5890,IILGX
5891,AASCX
5892,TRRNX
5893,FEYAX
5894,ARTGX
5895,FHCCX
5896,APHGX
5897,CAGIX
5898,APDGX
5899,BRLIX
5900,WPSKX
5901,VWIGX
5902,FEYTX
5903,TBGVX
5904,OMGNX
5905,TRRMX
5906,LVOLX
5907,WHGSX
5908,FZAAX
5909,DROCX
5910,FAIOX
5911,SILVX
5912,RRTVX
5913,TMSIX
5914,TRRDX
5915,BTMFX
5916,CLDIX
5917,FEYCX
5918,FAIGX
5919,CLNCX
5920,MIGYX
5921,WWOIX
5922,TROCX
5923,CALCX
5924,DPDEX
5925,CFWCX
5926,THORX
5927,DHFCX
5928,CFWIX
5929,CFWAX
5930,BINIX
5931,THOCX
5932,BIGFX
5933,FFFDX
5934,LCORX
5935,SPVZX
5936,HAFCX
5937,PMVQX
5938,SDVRX
5939,GLRIX
5940,VASIX
5941,MFMPX
5942,MSRFX
5943,MBESX
5944,MBEAX
5945,EKGCX
5946,AMDVX
5947,ACMVX
5948,EKGYX
5949,FSCRX
5950,EKGIX
5951,MICDX
5952,MCDFX
5953,GPRIX
5954,SAOIX
5955,EKGAX
5956,FPBFX
5957,HEIFX
5958,SAOCX
5959,FGTRX
5960,FESOX
5961,SAOAX
5962,QFVOX
5963,QFVIX
5964,SGOIX
5965,TRAOX
5966,TESRX
5967,SGOVX
5968,CMAAX
5969,TESIX
5970,ENPSX
5971,NELAX
5972,FSBBX
5973,WIIGX
5974,HHHSX
5975,ENPIX
5976,TFSCX
5977,SEMTX
5978,SEMNX
5979,NELIX
5980,NELCX
5981,HHHCX
5982,RMBKX
5983,PWGAX
5984,PWIYX
5985,PCIEX
5986,RMBNX
5987,SEMVX
5988,RYBCX
5989,DHMYX
5990,DHMIX
5991,DHMAX
5992,FERCX
5993,DHMCX
5994,WILJX
5995,WILNX
5996,BPLEX
5997,BPLSX
5998,RLUEX
5999,TDMTX
6000,RMBIX
6001,MAPTX
6002,MIPTX
6003,PRASX
6004,WIGTX
6005,RMBFX
6006,WAGTX
6007,RLITX
6008,GBFAX
6009,ACDHX
6010,BPIRX
6011,LZOEX
6012,RLEMX
6013,GBATX
6014,RISAX
6015,TCMIX
6016,TCMPX
6017,JEMSX
6018,NIMEX
6019,NMAEX
6020,DREGX
6021,RAIIX
6022,HLMEX
6023,SBYEX
6024,DBECX
6025,IEMFX
6026,IHOAX
6027,AILCX
6028,CLIFX
6029,AAISX
6030,PRZIX
6031,IHOIX
6032,PRMSX
6033,SBCEX
6034,AAIEX
6035,IHOTX
6036,AIEAX
6037,IHOSX
6038,IHORX
6039,SABTX
6040,SVUBX
6041,NCBVX
6042,SPRAX
6043,HLMNX
6044,HLMIX
6045,HJPIX
6046,HJPNX
6047,AEMZX
6048,GEDTX
6049,HJPSX
6050,HJSIX
6051,PRLAX
6052,WESJX
6053,WESNX
6054,BESIX
6055,FFFCX
6056,CTFAX
6057,FZAEX
6058,VWINX
6059,GIBRX
6060,MGBIX
6061,MGFIX
6062,GIBAX
6063,GMCDX
6064,GMDFX
6065,FMCKX
6066,TIBRX
6067,TIBCX
6068,SAISX
6069,VMNVX
6070,FIMKX
6071,FAMKX
6072,FTMKX
6073,APHKX
6074,ARTKX
6075,SVOAX
6076,MIPIX
6077,DNINX
6078,RWDYX
6079,SIIDX
6080,RWDIX
6081,APDKX
6082,SGGDX
6083,VRISX
6084,VIISX
6085,FEGOX
6086,HFSAX
6087,JIBFX
6088,HRMVX
6089,TFESX
6090,HIMVX
6091,HAMVX
6092,HNMVX
6093,TFEQX
6094,FEGIX
6095,FHKIX
6096,FHKAX
6097,RINPX
6098,NMMTX
6099,NNGRX
6100,DAMDX
6101,NNGAX
6102,PRIUX
6103,IFPUX
6104,FSMVX
6105,FMPOX
6106,THOIX
6107,MBEYX
6108,DCMDX
6109,DNMDX
6110,AVUAX
6111,AMVRX
6112,ACCLX
6113,LVAEX
6114,LCRIX
6115,VAIPX
6116,SAOSX
6117,SSIRX
6118,RRTBX
6119,PARBX
6120,TRRBX
6121,GILPX
6122,GMODX
6123,PKSAX
6124,RRMVX
6125,PKSFX
6126,VSCRX
6127,TAMVX
6128,TRMIX
6129,TRMCX
6130,CUBAX
6131,TSSCX
6132,FDLSX
6133,AADBX
6134,PKSCX
6135,BPGIX
6136,NPSFX
6137,FFFEX
6138,RRTAX
6139,PARAX
6140,SUSYX
6141,JIBBX
6142,JIJSX
6143,TRRAX
6144,NFRFX
6145,FSBCX
6146,FSBKX
6147,FSTBX
6148,PRSIX
6149,SBFIX
6150,IPFPX
6151,PFPFX
6152,GILDX
6153,GIFCX
6154,GIFAX
6155,GIFPX
6156,GIFIX
6157,GIOCX
6158,GIOAX
6159,GIOPX
6160,GIOIX
6161,MIOPX
6162,NFFCX
6163,NFRIX
6164,NCOIX
6165,NFRAX
6166,SEGPX
6167,CBMSX
6168,VEVRX
6169,VEVIX
6170,FIXIX
6171,FISMX
6172,FIASX
6173,FTISX
6174,GIBIX
6175,GIBCX
6176,GIBLX
6177,FICSX
6178,PTIAX
6179,NQWFX
6180,NWQIX
6181,NWQAX
6182,NWQCX
6183,GILCX
6184,VSCGX
6185,FGADX
6186,ITTIX
6187,MTINX
6188,MTXVX
6189,GETGX
6190,VEVCX
6191,SIUPX
6192,SIUSX
6193,GIUSX
6194,SDICX
6195,QGRNX
6196,SEVIX
6197,QGRCX
6198,CFAIX
6199,CCLAX
6200,SBFCX
6201,HAOYX
6202,IVWAX
6203,VGIVX
6204,JBFRX
6205,JHNBX
6206,CDICX
6207,DAINX
6208,JMBRX
6209,JMYAX
6210,FTSDX
6211,FASDX
6212,FSIDX
6213,FSDIX
6214,ABLOX
6215,SIIEX
6216,RYCPX
6217,SWRLX
6218,SLVIX
6219,EGOAX
6220,EGOHX
6221,WFLLX
6222,BIECX
6223,WPLCX
6224,HCYAX
6225,HCYIX
6226,JOBBX
6227,OMOIX
6228,LOGBX
6229,FPACX
6230,ITTAX
6231,IHAYX
6232,FGFRX
6233,FGRSX
6234,FGFAX
6235,FSPSX
6236,SSIZX
6237,CYYYX
6238,CTORX
6239,RSMRX
6240,FCSDX
6241,JRBYX
6242,JPBRX
6243,JPYRX
6244,LKBAX
6245,PALRX
6246,JDVAX
6247,CDSIX
6248,JPDVX
6249,JDVSX
6250,GILHX
6251,PTIMX
6252,PTRMX
6253,FJSCX
6254,OMOAX
6255,VWELX
6256,PARJX
6257,TRRHX
6258,DHLSX
6259,DIAYX
6260,FFTMX
6261,PPIPX
6262,MRAGX
6263,MSGCX
6264,MIJFX
6265,LISIX
6266,SMMOX
6267,SHMMX
6268,SMMCX
6269,FLCSX
6270,FLCCX
6271,FALAX
6272,PRWCX
6273,TRAIX
6274,MJFOX
6275,NHCCX
6276,NHMCX
6277,NHMAX
6278,NHMRX
6279,NHMFX
6280,FIDLX
6281,FALIX
6282,FETKX
6283,FVDKX
6284,PACLX
6285,MSGAX
6286,MSGGX
6287,MSGRX
6288,NRIAX
6289,NRIIX
6290,NRICX
6291,NRIFX
6292,JHQCX
6293,LEVIX
6294,LEVOX
6295,JHQPX
6296,JHQRX
6297,BIEAX
6298,BIIEX
6299,USBLX
6300,MXXVX
6301,GMOKX
6302,BVEFX
6303,BVEIX
6304,GMRPX
6305,FAMFX
6306,VTMFX
6307,JOBEX
6308,VGENX
6309,FANIX
6310,FAGNX
6311,FSENX
6312,FBTTX
6313,FBTAX
6314,DDDAX
6315,DDDIX
6316,DDDCX
6317,ADKSX
6318,GMDZX
6319,MRIGX
6320,VRT
6321,TFII
6322,ACEL
6323,ALUS
6324,AIO
6325,RFL
6326,BKR
6327,BRBR
6328,BMEZ
6329,GLEO
6330,EIC
6331,BRMK
6332,EPAC
6333,CSPR
6334,JIH
6335,DAO
6336,FHI
6337,SCU
6338,SFTW
6339,NTCO
6340,ONTO
6341,RYCE
6342,PEAK
6343,NREF
6344,PINE
6345,PING
6346,NET
6347,OCFT
6348,NVST
6349,NMCO
6350,SI
6351,OVV
6352,SPCE
6353,SBE
6354,TFC
6355,VVNT
6356,WTRG
6357,COFS
6358,CLSK
6359,AGNCP
6360,HUIZ
6361,RVMD
6362,AVDR
6363,MDRRP
6364,ADXN
6365,PAE
6366,AGNCO
6367,ARQT
6368,APXTU
6369,ALRS
6370,APXT
6371,APRE
6372,AMHCU
6373,NPA
6374,WCLD
6375,AHCO
6376,PDEV
6377,AMHC
6378,BRP
6379,CNTG
6380,FITBO
6381,BSBK
6382,PHAT
6383,VIACA
6384,SDC
6385,BSBE
6386,OPCH
6387,PGNY
6388,PRDO
6389,VIAC
6390,NLOK
6391,SVC
6392,MCBS
6393,PPD
6394,HQI
6395,BDTX
6396,FREQ
6397,IMAB
6398,SAQNU
6399,SSPK
6400,BSDE
6401,GRTX
6402,CHPMU
6403,HBT
6404,DFNSU
6405,BUG
6406,GHIVU
6407,TCOM
6408,REYN
6409,MBNKP
6410,RILYP
6411,WKEY
6412,FSRVU
6413,IMVT
6414,HCCO
6415,LATN
6416,HCCOU
6417,RCEL
6418,ORSN
6419,TELA
6420,GRNVU
6421,PNTG
6422,CIICU
6423,CHPM
6424,NTRSO
6425,SDGR
6426,ONEM
6427,XP
6428,CABA
6429,PTAC
6430,IMVTW
6431,GOODN
6432,FRG
6433,PWFL
6434,PFHD
6435,TARA
6436,CPZ
6437,SRAC
6438,ONEW
6439,XGN
6440,SWKH
6441,CNNB
6442,KRMD
6443,GNSS
6444,FRHC
6445,LIVKU
6446,NYMTM
6447,BEAM
6448,GRNV
6449,SIVBP
6450,OPRT
6451,FUTU
6452,EXPC
6453,SWTX
6454,HERO
6455,DHCNL
6456,OYST
6457,NPAUU
6458,VIE
6459,VIR
6460,ZIONN
6461,ZIONO
6462,DUO
6463,BSAE
6464,YGYIP
6465,CCAP
6466,FLLC
6467,BSCT
6468,BSJR
6469,LIVK
6470,EXPCU
6471,BSJQ
6472,MCMJ
6473,EH
6474,GRWG
6475,POTX
6476,SRACU
6477,IMVTU
6478,CIIC
6479,BSMS
6480,GXTG
6481,ZIONP
6482,HTIA
6483,DRADP
6484,BSML
6485,LATNU
6486,UFO
6487,ETNB
6488,LMNL
6489,ECOLW
6490,LMPX
6491,FSRV
6492,RAPT
6493,BSCE
6494,BSCS
6495,SAQN
6496,RLMD
6497,SPT
6498,NRBO
6499,THBR
6500,TFFP
6501,MNPR
6502,PTACU
6503,PROF
6504,QK
6505,GNRSU
6506,PHGE
6507,MTA
6508,BSMP
6509,RILYH
6510,BHFAL
6511,ARYAW
6512,COWNL
6513,CYRXW
6514,BSMN
6515,CTACW
6516,DDMXU
6517,BSMM
6518,MEDS
6519,DCOMP
6520,CLPT
6521,DPHCW
6522,GLADD
6523,HWCPL
6524,FDUSZ
6525,CMFNL
6526,DEACW
6527,OFSSZ
6528,INBKZ
6529,OFSSL
6530,TANNZ
6531,MRCCL
6532,WHFBZ
6533,TANNL
6534,ZGYHU
6535,RILYM
6536,HSAC
6537,BVXVW
6538,GECCN
6539,VTIQW
6540,OXSQL
6541,OXSQZ
6542,BROGU
6543,OPGNW
6544,NEWTL
6545,EVSIW
6546,FMCIW
6547,PNNTG
6548,FDUSG
6549,RILYN
6550,OFSSI
6551,BSMO
6552,ZIONL
6553,GLADL
6554,DHCNI
6555,JMPNL
6556,CNFRL
6557,DWEQ
6558,BSMT
6559,BSMR
6560,BSMQ
6561,DWUS
6562,HSACU
6563,JMPNZ
6564,LMRKN
6565,DWAW
6566,RILYO
6567,RILYI
6568,NGHCZ
6569,ATEST-C
6570,BWL-A
6571,SCCB
6572,LTSK
6573,ATEST
6574,LTSF
6575,LTSH
6576,KLR
6577,SACC
6578,EQX
6579,BRBS
6580,CLFFX
6581,HBLRX
6582,FFTHX
6583,HBLTX
6584,HBLVX
6585,MTILX
6586,JLVZX
6587,BDSCX
6588,LMIYX
6589,OLVAX
6590,DCINX
6591,MSGTX
6592,HILRX
6593,SWFCX
6594,HLQVX
6595,DRNYX
6596,FNMIX
6597,JLVMX
6598,AMCCX
6599,VMRGX
6600,SFECX
6601,NSEPX
6602,EIPIX
6603,EIPFX
6604,NSGAX
6605,USMCX
6606,ILLLX
6607,GEDIX
6608,GSMJX
6609,GEDFX
6610,FSIMX
6611,CBECX
6612,STARX
6613,TDEYX
6614,SSIYX
6615,COTZX
6616,MCMVX
6617,NCVLX
6618,CBLSX
6619,TDELX
6620,CBLLX
6621,TDEAX
6622,HCXZ
6623,HCXY
6624,NTEST
6625,ENBA
6626,NRUC
6627,NFC
6628,IFFT
6629,CTV
6630,CTZ
6631,PRS
6632,PVT
6633,SREA
6634,SAB
6635,SAF
6636,CTAA
6637,AWAY
6638,AFGC
6639,AEFC
6640,CTEST
6641,BNKO
6642,AQNB
6643,AQNA
6644,CMSD
6645,CMSC
6646,UNMA
6647,SJIU
6648,UZB
6649,ARGD
6650,CUBB
6651,DUKB
6652,ECCX
6653,MGR
6654,BSA
6655,TBC
6656,AFGH
6657,AFGE
6658,AFGB
6659,RCB
6660,RCA
6661,RCP
6662,PBC
6663,PBY
6664,SOJA
6665,TCRW
6666,SOLN
6667,QVCD
6668,AIC
6669,AXO
6670,DTP
6671,ELAT
6672,GSLD
6673,SOJD
6674,KNAB
6675,QVCC
6676,NFH
6677,SJIJ
6678,IGZ
6679,DLY
6680,ATCO
6681,IPV
6682,DFNS
6683,GFL
6684,ALTG
6685,SCVX
6686,SNUG
6687,ESSCU
6688,IBTB
6689,IBTF
6690,IBTI
6691,IBTJ
6692,LUMO
6693,GDYN
6694,DFPHU
6695,CHNGV
6696,IBTH
6697,XBITV
6698,IBTG
6699,IGIC
6700,ESSC
6701,IMRA
6702,LSACU
6703,FCNCP
6704,GHIV
6705,IBTA
6706,IBTE
6707,BPYPN
6708,OXLCP
6709,NBACU
6710,BFYT
6711,BWMX
6712,IBTD
6713,ATCX
6714,CALB
6715,PASG
6716,BPYUP
6717,BPYU
6718,ATEST-B
6719,ATEST-A
6720,IBO
6721,BATL
6722,ZTEST
6723,RFM
6724,CBO
6725,HWM
6726,WIMI
6727,METX
6728,CARR
6729,ZVV
6730,ZNTL
6731,RGP
6732,CCXX
6733,IVES
6734,KROS
6735,DKNGW
6736,ORIC
6737,FEAC
6738,APG
6739,DEED
6740,GLCN
6741,GLIN
6742,CGROU
6743,LYRA
6744,PMAY
6745,UMAY
6746,BMAY
6747,GAN
6748,ROCHU
6749,ARB
6750,TAAG
6751,TADS
6752,AYLA
6753,DBCP
6754,CLEU
6755,OCFCP
6756,KC
6757,CRDF
6758,TEGS
6759,TAEQ
6760,SJ
6761,ESEB
6762,ESCR
6763,ESHY
6764,MSVX
6765,FSLF
6766,ADCT
6767,SLQT
6768,LSXMR
6769,WINT
6770,NOVSU
6771,GNRS
6772,DMAY
6773,FMAY
6774,MTCN
6775,LOAK
6776,BHFAO
6777,CFCV
6778,WTFCP
6779,LRMR
6780,SSLY
6781,SHYF
6782,HYMC
6783,SWBI
6784,AFGD
6785,CEFD
6786,NKLA
6787,CHX
6788,MLPR
6789,FOUR
6790,MVRL
6791,SBBA
6792,EMBD
6793,BMRG
6794,WMG
6795,ARYBU
6796,MCACU
6797,LEGN
6798,PNFPP
6799,DADA
6800,PLRX
6801,CALT
6802,NKLAW
6803,AMTI
6804,ZI
6805,FBCG
6806,FBCV
6807,HECCU
6808,FMBIP
6809,LPRO
6810,AUBAP
6811,LTRN
6812,UCBIO
6813,UCL
6814,AZEK
6815,VTOL
6816,IPOC
6817,GBIO
6818,BNR
6819,NOVS
6820,RNA
6821,FCNTX
6822,FOCPX
6823,FSCOX
6824,HWCPZ
6825,RPRX
6826,FSKR
6827,IPOB
6828,RPTX
6829,NUZE
6830,USXF
6831,PROG
6832,GTH
6833,EAOK
6834,EAOM
6835,EAOA
6836,EAOR
6837,DEEP
6838,FVAC
6839,PFC
6840,FJUN
6841,DJUN
6842,PAMC
6843,IBDV
6844,PALC
6845,BRLIU
6846,CEFA
6847,TBKCP
6848,OPINL
6849,PFFV
6850,ACI
6851,SOAC
6852,ALTL
6853,DYFN
6854,FTHY
6855,AKUS
6856,PYPD
6857,API
6858,FUSN
6859,EBON
6860,FREE
6861,THY
6862,MRSK
6863,VIRS
6864,SII
6865,HTLFP
6866,AZAL
6867,SAK
6868,AZBL
6869,MGNI
6870,ALTA
6871,SPQQ
6872,KJUL
6873,NJUL
6874,JULZ
6875,GIK
6876,IMTX
6877,ACCD
6878,JWS
6879,CVLG
6880,DKNGZ
6881,FMBIO
6882,TXAC
6883,BLCT
6884,AMYT
6885,CXDO
6886,AVNT
6887,DMS
6888,LGVW
6889,PSTX
6890,NKTX
6891,MLACU
6892,RLAY
6893,AACQU
6894,GOCO
6895,IVA
6896,QH
6897,EDUT
6898,FATBP
6899,WPF
6900,PAND
6901,DFHTU
6902,ALXO
6903,RNLX
6904,GBGR
6905,MEG
6906,GBLO
6907,INZY
6908,ERESU
6909,ANNX
6910,ITOS
6911,ACEVU
6912,BRLI
6913,JAMF
6914,PRPLW
6915,NRIX
6916,GRCYU
6917,CSSEN
6918,PSACU
6919,DJUL
6920,CVAC
6921,FUSE
6922,FCRW
6923,NTST
6924,FCRZ
6925,ASGI
6926,KCAC
6927,RKT
6928,TREB
6929,IBBJ
6930,VITL
6931,VMACU
6932,GRSVU
6933,RMRM
6934,ETACU
6935,HSAQ
6936,VERX
6937,HOLUU
6938,AFIB
6939,BOWXU
6940,KSMTU
6941,LCAPU
6942,WSBCP
6943,ARYB
6944,MLAC
6945,RACA
6946,FSDC
6947,NHICU
6948,FTHM
6949,ALVR
6950,LI
6951,GOED
6952,RXT
